follower,followee
4251,4191
2563,14172
1612,796
43,3970
4361,15267
566,5387
1360,9265
2206,1968
102,7149
7709,5562
1511,299
1923,18100
17323,9220
11508,10527
15264,16810
3970,7987
15662,16297
17978,4564
1303,19867
15258,7056
14927,4206
3538,17657
299,14331
1139,802
1296,2261
19546,4965
6088,2933
19918,11521
2535,6966
681,8961
1790,12030
286,3573
5791,14236
16019,2341
269,5609
5895,2513
1011,6993
52,2358
15783,836
1520,6826
728,748
2263,2438
3352,4241
14048,893
14937,20321
16931,15490
4533,8741
351,17567
4676,4869
15158,6091
642,15272
15168,1914
15307,588
893,1855
19955,4919
259,782
8126,14175
1234,10547
17471,5426
18441,2694
7935,15163
1359,8841
17176,20280
2936,16637
1850,521
2319,10134
17304,16304
4884,1079
19240,7397
13166,1578
10448,174
8619,1749
2272,12351
2958,14922
1439,7769
1409,7369
2383,43
2066,228
16838,2400
2700,2389
4711,1850
11160,5347
17577,9371
5466,11124
2555,2066
19434,13612
19638,1938
2269,3688
15247,4755
6772,1325
2360,2358
15077,339
468,7455
2512,5751
531,8878
4789,5165
5905,1903
4733,4442
7237,706
9928,13986
176,6123
6385,14729
17867,15490
4278,5419
1567,328
2313,631
2336,1474
16289,15635
1925,18543
2645,76
1967,6300
13887,1218
13004,4971
1143,8238
1562,12712
3800,15670
1229,12770
20000,4211
6328,16218
250,3824
345,176
1496,20383
7232,1985
5793,11612
995,198
19825,2389
1258,588
18559,14729
1499,9051
5387,4837
5121,7375
1449,3580
5676,290
2145,3237
15526,782
2413,1858
4365,12048
15485,16684
18814,18596
2158,1000
2879,5609
6091,16762
14978,176
3577,820
16804,290
4954,3099
415,1258
18006,4191
14999,2126
18007,886
4144,11609
1749,6584
2165,18467
7669,13567
241,2150
841,782
2731,7369
10405,160
2896,12556
20316,4855
179,43
1432,2423
10859,10537
2436,1954
33,2855
19448,17576
1221,2603
134,20043
2308,13648
19728,375
17615,1622
31,5314
11767,5110
5354,43
7640,3746
7056,5874
362,14729
664,645
388,9469
3628,2161
1920,413
334,7237
4206,2050
6446,5887
2616,2712
1922,3954
820,3894
9805,14665
848,1138
11391,5756
7451,4919
308,2896
18148,11038
3424,43
268,4624
7608,5702
1656,3439
510,12522
643,2883
13128,43
185,643
5286,1511
2050,4206
5055,9373
2083,10275
198,839
6462,10735
5887,17270
13229,13583
7021,802
8523,1149
19496,1125
880,2626
2423,19825
1307,5646
20091,5938
611,1019
19651,3143
8087,643
271,3041
5744,2479
12766,3800
19424,3917
174,10069
18214,7220
11563,1428
2516,4144
2344,15168
747,8374
9101,2365
18423,15307
11768,11186
15781,4390
166,444
1517,539
13782,1602
2063,3913
18697,16328
2254,159
10422,2691
18638,17512
4803,2980
7262,116
6632,467
1445,15854
5178,43
1730,272
15046,2905
488,4003
2120,4564
5365,1325
2392,334
3257,8467
4196,11582
1428,9232
2739,8126
30,16093
339,10037
2441,2997
19368,6870
2893,10770
18255,538
15917,4497
16207,9449
2855,2206
3840,9588
1142,2893
263,17656
1992,4919
3984,4419
12611,8128
1834,3269
18919,15037
5452,2997
8726,6268
1056,2962
604,1967
3100,4565
4851,14729
1034,867
2048,3954
9141,6737
2378,15209
4957,2261
3132,15816
6056,3212
177,11253
3696,531
210,7197
4635,6776
2595,1155
521,909
19173,4275
1475,12569
8878,1152
1263,16596
3222,1726
15051,1194
10122,20227
8072,18324
567,5755
4564,5076
15317,19037
4327,18608
2057,43
160,8064
5206,18199
6065,413
6398,751
13274,2261
4975,1474
13158,174
876,7145
19559,256
16426,5521
1469,9588
151,1423
18421,586
3793,1125
18003,222
2973,43
1186,13881
4058,13612
11077,2301
748,6987
1961,748
11253,4330
1903,4166
214,5287
9441,4341
580,796
936,9662
137,9059
4225,8300
2675,7299
7097,3259
13759,5797
221,15543
9800,4741
5611,4520
1137,3069
1692,5029
3272,328
4693,15608
1155,198
781,1142
5886,1722
5533,7056
14922,1146
4973,10862
172,1650
5638,176
11299,2040
13033,14215
10628,4919
2127,2261
7203,973
5661,942
1048,9593
15504,19867
822,334
2663,1943
6386,2206
3609,2640
14501,1268
15580,3276
14491,14922
2356,58
7057,743
8107,1662
6854,782
1888,15516
615,2563
7677,366
2090,690
19110,480
16301,2261
9895,2603
6901,9895
2989,43
7508,1850
1357,719
17754,2076
14924,992
17941,782
15751,1124
15719,3246
2543,13476
1087,14345
1589,14072
2150,11521
1099,174
478,973
13391,5881
2405,1474
6388,1063
1900,5438
2389,409
18116,9068
15516,9152
3017,3665
218,782
16767,1466
1100,12789
559,127
15940,5029
9342,19418
15234,15168
17884,18784
7112,960
1728,4406
5609,17567
770,1301
4980,458
7132,402
5291,1142
7016,13567
1152,723
743,2358
1422,43
8874,923
10722,14769
15236,16937
17331,74
5709,2985
10342,18213
18019,10959
2704,4055
1817,1352
16062,2806
1598,2077
6118,784
616,802
2925,4644
2058,12770
2974,3259
3929,43
12005,18438
940,17864
6223,690
2997,1906
6780,13755
2390,13000
2358,7269
2793,15180
13000,328
15533,7369
8098,4737
16093,5201
15805,947
2056,2905
14406,328
4134,2261
3702,15407
9617,43
17948,5361
5951,1400
2100,1692
7855,1968
3036,2913
2532,11702
1019,3259
15407,606
5370,2974
15529,4722
1754,43
13880,5510
10215,174
15527,2866
6274,20321
1367,8541
7626,1244
2802,1853
2178,8665
5790,43
910,13933
617,2798
18534,11878
5197,174
1478,9967
12654,2261
2341,3036
7642,9059
1362,1510
154,17567
4333,10487
15450,2884
6123,9265
4247,14164
2980,14729
5262,2261
4261,18939
14376,413
15410,17344
1734,15280
15187,863
9054,11692
834,2077
9842,2712
833,2452
1626,9168
888,2015
2002,415
2686,9028
17336,3800
3066,2997
2533,12564
15219,4241
1444,8107
6397,1954
458,334
1046,1142
56,1302
17571,2815
3502,4211
761,4316
5939,2261
1886,7759
18696,3225
17725,2650
131,3498
1354,328
532,328
19804,8374
15213,8170
7760,2206
16918,7793
1187,10275
2939,12205
1468,7237
1111,10974
13464,643
923,15805
838,4516
2682,467
20331,9545
283,1954
5215,912
13265,4755
4737,38
3658,13567
996,43
3224,3751
229,20070
8346,14898
2074,217
796,176
1906,228
5938,1822
884,2500
1822,802
12410,2063
360,467
16300,5887
205,4990
6618,16596
4965,7732
606,518
16754,1125
7514,43
1337,18324
19093,5359
4610,5341
1251,2905
13256,5755
886,6067
8807,5970
5741,89
444,1319
5175,7890
17774,4919
5513,3150
5984,2900
8939,2355
11070,6677
8965,290
6177,2261
9974,8698
583,4442
15112,2795
1792,3237
171,10353
2606,82
6674,3941
10220,174
370,11702
14286,15120
16356,4459
311,44
1387,18389
10112,1583
1219,13567
17326,1683
4698,4276
11,339
69,198
1859,690
9557,4497
136,4999
16051,3225
2650,8098
1686,2054
9241,189
1756,7397
609,17613
2137,1499
18465,20473
13312,5457
18394,19867
2931,796
41,4497
46,16381
8546,923
9961,15635
1170,4379
1061,9241
13956,861
4017,8874
19279,8335
5110,2090
15640,11941
6041,5733
7088,290
16900,4667
20081,3225
1117,7331
1858,176
17602,2253
909,5206
1398,6341
6556,2933
6054,916
403,2795
520,8449
6563,18279
2076,17602
15242,7394
912,13408
942,8972
12347,4722
2684,1138
6200,10204
1622,7724
2410,4405
226,6600
2942,1683
456,458
517,11647
19023,14729
18858,782
10,2664
18073,5646
3243,3792
6872,2620
213,11944
1147,415
2905,2829
3717,381
717,16357
15090,7070
1406,648
585,4055
363,4608
169,4868
7897,45
13065,4919
10268,1901
2500,4249
2226,5110
16782,15490
2199,17915
14939,43
784,3588
4441,10527
3465,12876
14361,11187
821,870
2350,346
7240,18993
4675,19825
1200,7968
2544,1490
6215,13218
654,11828
16212,15583
1465,2015
5521,1273
6879,15729
16174,14555
650,7084
17450,250
2970,1676
10249,5305
14724,2462
1980,7024
13130,15750
2724,973
1260,2624
3810,18613
4546,19825
1936,6023
3063,174
2064,5221
6958,4435
3562,11493
16175,6795
7724,4212
878,5086
17271,15247
1190,809
16349,13723
14588,1335
7643,2390
691,1325
9172,782
18107,232
14339,11190
2597,3790
5565,6825
7269,15805
2401,14922
18213,3225
17238,12680
327,18349
15079,14729
3059,9059
1539,81
459,10739
1244,7308
14991,16855
2430,440
20169,9469
2667,5079
2198,567
1328,15016
399,782
1633,4764
18889,4816
973,3929
4774,1576
17184,17864
762,1000
1342,18355
38,2650
6364,1900
3196,6397
1788,2665
2133,328
1291,10680
10041,647
3157,1306
4608,5948
744,2261
12793,12410
3091,3800
15104,7492
15877,10221
18114,3100
10604,8588
3165,199
64,9443
6299,3237
1576,1853
231,483
1461,8878
17344,15410
483,418
447,782
2604,440
7919,648
1282,16878
6126,4497
57,1766
42,4067
4050,562
1199,10353
17078,15894
1973,13424
2054,9058
443,13567
2659,9457
14516,1688
14423,7575
2641,11155
285,3702
1637,372
15269,5365
15120,19023
14283,15816
7888,1268
1122,290
2116,5286
4781,1985
3937,160
3540,14729
14433,5363
2087,3060
427,2233
1643,13631
6183,10527
11179,17348
1901,10268
1954,2624
11952,5894
467,987
1963,17567
8374,4442
8602,58
3794,2603
7106,1511
2587,1786
1149,7574
3953,2018
5189,14729
18389,10108
19592,6341
434,9803
2407,528
17899,7002
1,1740
475,5126
15645,15490
4469,43
5275,11665
1066,15151
696,7083
14956,10238
2162,11612
17915,2199
14456,17919
631,8309
2380,2261
1789,413
7149,11509
16914,11905
3060,1373
15016,3917
4034,4206
1615,1934
6139,2795
17908,17746
1313,479
3237,9941
4498,1954
258,10390
14741,13075
1262,15307
2715,1981
12776,14704
17162,8819
1953,1058
254,10742
7091,3790
19552,6558
10128,429
1158,7394
1146,1000
15594,8126
82,14501
11154,4086
2615,7709
1218,1241
867,3069
7968,4837
12497,833
4056,2945
15558,308
4716,14324
1652,10041
1884,43
538,2015
2368,3810
6331,15824
17294,8148
148,1858
20378,9210
5400,3692
2170,7688
12986,9115
1941,2350
857,7397
5107,4803
18363,134
1999,2650
4003,5438
18420,1683
15665,4755
2334,10862
4273,11309
346,3143
15144,2528
1650,43
3384,3790
18888,15505
11853,12879
440,1943
15024,796
216,5248
723,15526
1458,11007
1779,1253
2222,9265
2946,1444
4678,12604
4283,6486
4290,18324
19870,198
211,5741
1991,690
3099,4332
10217,413
6865,4007
2422,1444
1625,796
5894,17919
1031,648
1028,796
1542,3860
15507,134
14155,399
3276,4283
12205,32
680,854
11714,413
530,648
16504,18477
12907,14729
5201,3100
14113,15802
19613,4996
405,1400
1975,3846
18252,2879
2355,5545
2488,677
1076,43
1245,1152
1531,14729
4019,2261
4230,604
3104,6405
16010,7448
1930,18596
1250,950
15180,896
10663,43
16930,18076
16624,7873
4416,12448
17722,14729
869,250
2527,5516
7288,9444
20178,2797
2207,973
15128,16647
1572,2261
4286,1142
3097,2261
11915,17348
629,334
15386,502
472,10353
1274,631
14132,10722
2196,9265
1591,429
5669,328
2727,18324
2794,8094
648,1461
3891,16361
187,16740
189,629
3259,538
13461,1400
5287,3111
235,4423
18171,2691
16596,1004
16249,4803
4530,19153
2214,5411
3945,1858
1557,782
690,406
138,9304
6405,820
1472,1111
1059,14219
1338,2170
5097,1142
4580,2496
1655,174
127,1358
5192,531
16355,5938
8989,15128
20255,16986
8590,14555
15254,7369
8263,1394
18216,7968
750,2015
1717,2018
2688,3329
3467,8942
2121,2975
13259,14395
120,690
2098,2261
1167,3041
13840,18511
17261,17645
11068,2344
13423,4897
3326,6486
754,12402
5856,143
6243,5206
2996,1386
2921,11612
17115,4442
10386,1444
15059,15264
9643,643
1070,11866
17511,7364
1573,5461
2037,1858
4016,43
2443,2603
2128,3128
1569,10237
1592,3099
9070,5325
11099,6473
5550,1985
5667,4976
938,11689
110,10270
12680,6696
14565,973
7516,4755
15200,17206
18304,16289
7962,14965
1766,4755
1943,189
17556,5843
2241,728
2536,3259
12129,3953
5657,15558
104,781
18572,17617
16336,18850
5463,15019
2820,1982
17097,174
11977,16189
16812,17460
11660,2261
2039,888
114,3688
16849,1943
17617,17056
1144,3538
4155,3765
1124,5982
844,1257
4721,4919
4859,13567
14344,15750
251,1519
830,2314
2835,782
6719,2261
16181,11446
2255,2183
14929,2496
2448,43
16647,1362
17334,8891
9205,10380
2521,5466
7464,3381
509,1726
3289,413
1536,8709
15280,9016
3304,1692
2628,43
2213,8249
23,987
7294,13567
2660,2066
13821,8068
537,519
15330,15112
5750,8557
6458,15010
4918,1941
8904,10134
11666,290
660,43
3459,9842
7304,1518
2584,6227
391,1761
3144,653
2649,2462
19481,16408
4639,5459
3,334
10970,17932
464,2815
1938,4999
2871,3810
8639,17721
536,160
14097,2358
3999,3143
6384,4241
5454,11048
11719,1167
238,491
979,7269
4853,2898
18959,14729
9318,10527
12077,1002
3329,1125
16120,4722
9472,14037
8588,2452
11446,15732
3360,796
9109,4419
19268,5893
6365,5667
1647,43
4195,1870
1666,917
4846,7297
6361,3122
118,17742
9440,255
12209,1149
3332,8972
15854,16093
11196,2341
3029,719
2431,413
972,900
4706,2261
1522,4341
4658,2066
730,43
4612,413
7866,19188
15216,15490
7553,2603
4042,14955
775,3143
17849,1444
13177,6654
1985,7232
14071,10432
6220,782
7873,2972
18154,5220
4833,76
11351,2261
4275,176
1017,7709
15274,2770
4531,2261
7244,23
694,2603
5941,2261
4153,12457
10158,4213
613,2261
1112,4965
670,1497
1264,2033
18662,18482
13631,1722
12681,467
5179,3751
3843,2261
16724,148
7842,5828
535,1511
5756,3041
8600,10837
1389,1028
4220,4213
5678,10527
349,10342
7790,16221
2522,1000
18678,4072
19149,2769
18724,18679
2593,43
1482,2261
5127,2261
1765,12205
7059,2603
698,176
288,7890
6472,2697
16608,16297
1841,4419
18199,18324
706,2663
17056,2949
5004,15824
11726,43
3599,4332
13164,796
7178,174
3374,5976
9973,5050
15299,16803
8281,17613
7349,2650
12539,328
7099,43
3506,5631
8742,9348
13534,19458
1032,3329
18429,2261
552,2400
12520,6059
4084,2015
19063,14922
19157,796
16458,228
18194,3030
540,5915
2331,3167
2463,290
10150,174
8758,11435
1347,947
5523,43
193,1900
2391,264
3901,10092
612,4151
2449,11196
1361,328
18095,4919
18376,18704
2424,16408
1661,43
1958,2855
15875,936
2694,18441
3340,174
15222,6814
13,1149
49,415
15624,8739
13808,15322
16519,7369
5589,3569
18050,7150
1753,4919
2182,174
1604,5915
2361,10890
18610,174
3959,5135
2585,16591
448,7084
3958,1444
13435,174
8900,160
819,459
7448,1615
12241,834
8310,2261
471,658
2395,15601
2729,1365
3749,5609
2618,973
27,1858
480,174
4772,591
5139,2261
10275,2703
12015,1995
4030,681
18078,15211
7505,17308
3423,14729
2122,14761
11685,973
13703,834
1949,3259
1302,17052
14323,3024
2774,15272
4694,20473
2790,2763
7367,16976
15298,3636
9373,5055
1333,9070
7536,328
19841,6341
9564,2261
4116,43
18098,15450
12576,19070
20353,1622
15303,936
8802,6000
5631,6416
1285,838
10887,14922
15164,9413
18224,1694
2708,7369
18026,18006
2085,4919
4260,1144
9856,10770
3471,5258
1835,43
18556,14922
15322,2621
1875,4341
2349,8064
425,2183
745,228
2495,7814
17589,11354
15460,2949
6584,9649
10959,467
10771,43
549,10159
6621,1262
5777,1885
6128,8373
7153,16884
12978,1967
13392,4096
2203,11118
8248,17351
18228,14
1172,5452
14299,593
14383,9115
18070,14
16720,7890
6596,7793
20503,2253
10273,20433
6235,328
291,8299
7869,973
2465,2063
11267,1943
12373,1640
11268,9096
16567,4716
19542,6694
17889,1444
18547,15468
10237,2051
7500,19552
4363,7369
18334,174
13155,14395
6095,15107
6072,973
2061,13453
4797,174
961,328
15067,7131
2924,3692
1448,8118
2730,259
1897,1954
765,1307
2456,43
18217,14729
19701,5887
316,2261
15204,17594
2433,2368
19625,2000
14640,6791
8291,259
2326,17436
1711,174
7583,1079
17711,15835
15056,16591
8307,4445
15512,18465
4235,18678
2373,174
4338,6827
8854,160
17656,3225
15278,7890
20093,1606
16587,15963
5898,4213
111,11
653,4074
1493,20227
5578,16304
12382,2261
20,1616
1579,43
10938,936
9181,7790
6861,346
4405,17746
1408,1654
11341,413
5372,18794
2661,4334
674,235
16314,16596
2038,17495
15312,18141
157,2206
649,328
9725,5687
15297,15320
19340,3438
4702,15593
12796,3810
2337,290
7799,973
7729,10779
2665,1788
4263,174
5250,43
1102,5620
10227,5359
11959,3654
17898,5186
18276,174
215,2933
19072,707
3804,334
557,4693
15246,7691
16402,5938
242,328
949,3143
7043,43
18533,14922
3322,1931
736,7890
1871,426
4653,5290
8567,635
1476,2560
13225,3076
1494,174
4072,4565
8203,5498
6576,20286
2803,1149
1571,3392
1346,3787
15451,6944
2592,5609
7003,936
3664,264
15793,15490
6179,415
10578,4341
2513,10792
9741,440
1698,160
15874,2759
35,174
2164,12755
6687,2522
2669,1461
4174,973
4295,2576
704,4897
1417,796
7506,13723
7368,174
6528,15209
15573,7890
1134,2183
5492,1325
5438,328
13144,1048
8364,1474
17700,2603
1587,2365
12798,16273
2138,328
9533,1221
17209,14922
8333,7793
18702,2162
7504,5755
12079,5206
9779,762
16832,762
14525,10406
6008,888
6827,334
5948,4608
15568,1166
7315,3751
3601,16762
17375,9634
1671,413
63,17700
1489,1849
1664,1858
1483,174
10772,973
352,728
14697,14472
12608,7070
18452,4983
625,10739
11273,9696
8856,328
18732,3225
1407,8874
2320,1104
801,1576
10502,4330
15126,9127
4113,973
2672,9035
3830,7269
14736,5452
15241,174
10032,2261
7638,43
14342,15148
2751,1583
262,261
1191,43
6670,2261
2415,18831
3514,13265
2847,15408
1677,6784
1083,174
13810,643
1553,77
438,4497
8747,14459
12714,15490
1893,174
1599,11165
18011,18784
17204,2405
11368,5029
2569,2650
13235,328
14986,16529
11671,2261
141,334
1120,1380
7947,2261
3623,3099
5677,174
15176,17351
1759,2560
1956,160
14154,13548
9878,2650
1824,805
18502,15034
10205,12970
6337,14312
5982,1124
8337,2947
2904,936
16017,18859
7469,14181
143,1268
655,290
67,46
774,8343
2508,16964
16488,5029
6531,973
2588,19447
1807,17512
9360,43
1013,172
18072,16415
3110,2261
7706,796
2311,3702
2791,3225
144,884
4705,3411
19140,1149
13833,996
15035,14954
12620,782
12442,4003
5845,7149
9510,1765
2303,5609
3612,174
1293,4442
1042,19274
11249,5609
3380,5370
1259,43
15930,1444
2827,2920
5658,7262
1441,588
5572,2795
6520,1400
18406,15852
7213,2171
6833,5391
109,7232
16991,3143
1253,973
16707,12561
803,3439
17805,936
12630,10071
4820,4191
5488,827
1556,8064
16122,15380
8572,14922
1582,14393
1203,76
12457,4153
5234,10414
282,6772
18786,18423
10915,893
10811,14922
20177,1215
7533,1499
94,5470
2036,7890
13264,2261
2072,3868
16502,174
7334,9440
1041,3233
2406,43
13828,211
2372,1126
16771,5029
8681,1858
18141,15312
2612,712
18590,3225
2060,174
20090,17864
16412,20027
1420,6584
3765,4155
6322,2830
4912,176
12842,15490
11204,160
1074,13912
1299,174
18146,14017
9437,2261
15898,3225
1795,2261
8221,1951
3524,478
19568,15009
6485,7480
18227,18250
19940,17270
849,2261
481,3132
19006,931
1503,2261
234,1149
1115,973
17595,14741
10135,12212
2232,18613
20379,391
12185,176
5396,796
495,290
1854,2261
5625,1400
1846,413
1277,43
15161,5609
1404,3917
11614,15854
14789,9834
2634,1576
16070,987
1450,2772
6028,4146
11236,1307
18166,2178
721,17993
12283,46
699,3599
15384,8345
1426,651
11321,263
2101,1583
3489,1020
17648,16782
5494,174
4600,973
18374,7084
11805,19928
1500,9725
17559,1284
1997,1726
2007,2216
7612,782
17827,14096
2491,4880
9657,43
6315,10859
2329,228
16433,1386
381,3717
16250,2063
300,5420
9493,1378
5397,15107
18527,19700
9696,18767
5723,5001
1106,920
17992,4211
15137,17947
2317,13466
17781,1063
7810,7993
2279,19251
760,2802
619,973
1641,1726
113,43
2575,198
17620,2261
10524,7203
6354,43
6241,5403
925,1029
1168,2341
2102,16894
3286,176
16065,7269
15235,1129
333,796
8968,16391
768,15718
5119,43
1021,134
6007,6149
18024,285
5009,5905
2327,334
1986,23
1865,2300
2966,43
12214,14922
6620,2663
991,782
3513,18746
1926,13476
1418,104
7305,2133
15287,17206
15572,15107
9517,1674
1998,413
20151,13103
404,1664
11436,43
17972,15168
4624,43
5194,930
14421,174
7631,268
9124,43
8199,1954
11185,1307
5503,56
2285,334
15582,19416
6060,18324
17386,16315
12591,2261
11611,5363
2386,3688
2850,1142
476,14
18762,936
5043,12151
13059,1749
5049,4784
12697,467
9904,2280
2891,2959
2257,5286
207,18389
19102,174
2586,3645
15101,17926
9074,43
11633,2280
12498,2015
7781,13488
10627,1444
16969,1444
5263,9880
325,11351
12370,10342
4816,16504
8774,827
6689,12069
1116,945
19426,20383
4732,14720
2278,5741
1248,328
14975,1508
17339,1329
9151,290
20134,17486
2028,2932
266,3470
2300,1865
12749,17970
1606,20093
1828,9313
18103,936
11006,973
2153,7887
12367,4212
4584,2341
17958,15525
3796,12990
4717,650
5566,9348
6783,1139
3398,973
1827,18872
8729,174
9613,782
964,4888
2177,2626
10695,15599
2698,3383
2362,2262
15253,3462
12805,3368
10219,1850
12843,174
11635,17599
1947,552
2693,11156
10049,426
279,3360
2689,972
17947,15137
3726,413
4959,346
6159,160
12996,413
18135,43
778,290
9809,17236
2238,14691
5517,2161
17685,1380
3829,651
8437,2162
5772,2855
2216,2007
3108,9546
433,334
18962,413
14706,765
6969,413
2016,43
9957,17745
2546,413
1267,7269
14002,144
14648,43
8765,160
5917,2261
18813,7732
951,2301
15812,15824
12927,43
4271,7710
11677,7182
4143,9803
15093,936
15085,3908
1632,10527
16327,19230
2338,16349
5343,334
689,12318
1640,12373
15740,3569
1182,4891
5794,4647
2396,7369
1750,4303
2716,2684
19650,796
13860,19550
12715,1511
16852,3917
945,1400
5115,2261
15333,7744
2745,13057
17788,14954
5188,7890
1394,8263
571,5123
1704,2280
19328,460
1213,334
3182,334
15316,16133
1078,14664
270,4536
6357,1142
6668,176
9366,2855
7004,1910
2204,1499
3392,1571
10379,290
1098,827
16831,8878
5570,14495
9311,8920
15409,642
2315,17335
2168,1624
20521,4390
18952,15107
8667,9080
11949,413
1374,2261
18727,458
1974,10862
103,796
20326,174
6063,15488
7332,6690
9021,174
4583,5886
2382,43
5227,782
12915,1598
18115,174
705,796
17504,11631
4048,1142
16180,5236
20068,8624
9233,160
3642,43
13711,413
17932,10970
16627,1444
5290,4653
8521,43
1978,1903
75,3024
11752,5084
421,2341
13617,2939
9835,43
18460,174
2486,7369
2316,6672
17247,174
18002,2650
15939,174
17817,7890
4793,43
13471,1000
16520,13279
11568,2261
2523,1221
3367,174
2594,2261
6012,13100
10460,15519
10453,43
5971,11700
1977,1598
1890,2390
1644,12684
462,643
16946,6358
15381,7769
1880,1186
5456,14922
1712,174
17278,5201
1163,1142
115,4897
1933,7669
1391,14344
10506,5144
12593,440
12226,796
11128,805
1781,2390
2917,4517
14408,413
17008,1510
2882,2663
5834,15016
14973,174
2639,9856
10113,20209
8245,992
555,472
17994,1444
8826,14922
10384,160
8569,290
16262,17406
14967,2358
15321,1149
618,8110
720,3962
18513,16504
4623,4156
12784,7887
15220,5029
15256,4390
1371,17746
15605,523
20490,12593
17324,15016
6693,7369
17335,2315
6636,5361
14821,18027
1238,485
15064,15016
5229,5452
4023,7918
1235,2038
15642,1510
2135,578
15419,16624
3234,6229
20213,3225
18164,516
5219,2763
10389,11928
9303,3686
12861,19592
8341,1142
3531,587
4868,13574
5258,2103
15617,3225
3517,4608
11822,10092
6944,16151
9159,290
2993,2261
19014,16636
15643,413
2834,11372
18480,1937
5221,642
4544,13094
8932,5029
2975,4132
18618,19396
4943,18324
15824,116
10232,5927
4806,3571
20383,16174
4033,13670
7188,10095
6259,728
4652,2261
13923,1821
5025,160
5341,15661
2899,9967
5117,334
8014,12671
15371,216
5054,19500
8119,8600
4457,18324
10238,14956
9582,4933
4183,2120
4920,782
3646,13343
6776,3401
4940,15750
9469,9475
4132,1573
3644,5984
4340,19869
18488,14896
7250,14966
18494,11481
3774,43
5325,1333
4481,7697
9112,3111
4741,7574
7351,612
4746,15211
3495,4341
4894,9349
3747,2280
3979,1373
16002,8952
18995,11906
10334,174
14060,413
3084,11132
3842,936
8761,4752
4625,174
8941,796
6271,5206
4631,18420
3152,14665
8094,5117
3346,328
4727,11906
3556,15945
13965,4551
10561,16799
7065,14
9334,3790
3438,5158
15680,14054
14835,14172
2758,686
2750,8562
2907,19825
9468,2120
4949,17981
8235,10687
15385,15505
2851,2015
5231,334
5198,3810
4616,334
4173,1125
3590,4148
7204,131
8737,110
3223,14729
4148,6904
5510,14672
9726,8780
6627,2457
3949,3352
19165,2120
5306,13567
4990,8566
2916,5582
17144,2617
14310,3225
4342,228
4040,3521
3335,973
17175,334
12319,3050
16775,2308
4786,2763
13393,15406
4305,2162
5904,9586
3190,1155
9931,413
18585,785
4258,375
3343,10544
7490,16748
4303,712
3443,1029
7901,3917
4651,15599
7045,19725
18478,12913
14147,1499
3102,1954
4488,3099
4166,346
5124,1999
4466,4419
12349,17602
4644,1406
4328,538
9984,4003
4545,782
5409,2950
8659,19244
19285,17735
5475,6917
5285,7850
8197,14236
14175,8829
7959,10527
3578,17951
15996,17248
7637,973
6755,10642
4518,4016
3430,8961
4569,3225
3015,2650
3688,8726
8089,18666
11357,5076
5773,2058
13574,43
11877,11734
3216,8064
5060,15490
5324,7670
3755,1257
15414,20279
3940,18324
6190,471
4792,4341
4934,6462
4856,3360
13717,413
2797,690
8586,14015
2920,2261
19359,12138
5988,10151
8522,228
11155,43
16162,13658
17689,406
2861,12068
6729,2423
2788,2379
4976,1000
3787,1346
4136,9641
4459,3688
7108,7056
18573,16297
4660,10546
4492,413
3591,2620
16395,7045
3510,1190
9282,18173
3450,4886
10706,14992
5092,160
3313,8300
7731,110
10359,4919
4413,18613
5671,3237
8627,17495
7369,6948
10994,1920
12878,9623
4609,3346
5827,5314
16582,2341
7733,8453
2977,521
8234,4976
2843,4757
10437,2828
3710,13248
3838,1722
19273,1444
11655,387
3740,3810
14251,198
6784,1677
5755,3152
11905,7409
2823,4880
3615,17921
3638,5816
3932,1444
4375,1142
13979,2261
4309,334
18345,2266
3975,2387
11060,14295
4376,4374
14208,17323
6099,2178
11509,14395
2768,1726
19670,5265
2933,6556
5985,211
11933,16415
6203,917
16581,10403
3865,19713
3204,9954
5074,7549
3154,13215
11146,458
7115,6733
4837,11013
5270,19447
5348,3026
19323,3130
5019,4036
3941,868
4437,4919
5140,19971
3874,17532
11919,8869
10419,973
5038,1637
7607,2261
13742,15166
2888,7049
5146,7269
5170,2603
8323,4241
3405,827
8332,1482
5388,18831
6939,606
18486,1444
3319,7876
4807,2704
4597,4955
3656,6301
4643,7593
6272,9096
6329,13567
9644,1329
4448,538
4586,43
15729,7587
16772,174
20260,328
4367,7209
14826,8511
13739,76
3139,17506
9473,10268
4829,9186
6440,9195
15394,15487
4436,43
8458,1092
4500,5839
13186,216
17643,6776
12248,16249
4364,7521
13722,18474
5587,174
3589,7850
3391,1079
6229,5287
16223,6042
2985,1034
17206,11328
3184,5881
15546,12142
5031,2170
18539,17527
2805,10124
3722,7938
3884,6493
13970,17567
9948,1400
11071,12622
3967,20217
8276,617
2810,5312
4790,10784
8342,6027
3381,18420
3176,6904
17699,16919
17626,7387
7769,478
5897,7269
4670,81
4203,16381
3033,668
3049,110
13083,591
7653,13567
3715,403
3745,802
4077,2691
4350,973
3862,3237
3711,415
19152,17945
5292,13837
7588,16031
3009,1058
4883,146
10065,5227
11301,3917
5069,2261
5186,177
10680,14922
3156,6518
17550,185
4611,7056
10266,1954
5323,14332
4523,19075
3539,570
13156,8005
8809,9265
5477,6064
15774,4127
3275,827
17769,4933
18359,10527
3064,43
3389,1566
20162,1268
2947,782
3900,18420
4730,176
14571,7443
10619,3099
15390,1789
7126,413
18289,19867
18550,973
16898,185
3365,176
4194,6776
4823,8249
6201,14731
4596,830
10173,38
13505,3060
4222,13476
7202,2261
3051,290
7812,1297
4393,1598
3445,11755
9806,13338
4664,429
10164,1726
16740,9030
9024,8298
18548,16101
17042,15058
4579,2171
10902,231
3024,12179
10080,2555
8052,2015
3737,2995
4646,3304
12286,11256
20229,821
4855,936
19155,174
5486,5346
3217,328
13039,1270
6176,2301
3290,3023
3528,14077
7040,2700
6966,2261
7347,15107
9356,6706
3067,43
12765,2794
4494,10527
3247,413
6378,334
3211,13282
5226,14236
3816,5584
12616,17527
3850,10226
15800,2039
20058,9919
11983,43
2818,7887
4483,1932
5145,16504
13448,4497
18294,4144
18838,3917
17890,62
14708,194
18483,20356
4082,4419
3775,2341
13328,1152
19311,4341
4715,5312
2816,1583
3397,413
3169,8961
3654,1092
19871,936
17060,6956
12446,7550
18510,16770
5211,4587
4139,4670
16683,15407
11178,2604
10969,782
3782,160
3390,2261
3998,3917
8688,4608
2938,2261
3908,328
3974,690
17239,8683
3756,2058
4423,884
3739,1654
7837,12556
2831,643
18738,235
6436,8829
13984,5029
4118,7543
3075,578
15724,5485
4456,12670
11783,16031
3004,290
18521,2563
4517,2917
9178,4609
14914,7724
5436,1149
6129,2090
15691,9127
15677,1841
3206,440
14897,328
3610,12904
15559,7621
15761,4498
5002,12651
15364,15490
3622,5609
17818,5466
5404,99
13088,4004
4839,52
14673,694
4928,413
15352,1444
13707,14236
15583,174
10780,2872
3951,4213
2789,4497
13654,440
18625,139
7925,17430
15339,14729
6903,290
14341,5452
15771,16361
15821,973
4784,18016
3023,3290
13441,413
3701,6600
16785,8198
3981,1365
12828,413
4445,8307
4307,12328
4779,7056
15345,14917
8443,1474
12650,521
3043,2261
18326,17746
9042,3100
4768,13567
5271,2261
19069,18195
3871,1000
3719,1941
3483,478
11014,782
13947,12556
4749,4497
15443,174
2796,116
6929,6328
4615,726
3825,19825
18564,643
3960,2358
3523,3462
9914,7455
10258,666
7421,782
8694,2358
2961,290
4892,1325
4373,7850
15382,171
9765,11064
4208,3917
3836,717
3094,413
6765,7982
2784,5272
5103,174
16255,174
4756,1142
2766,43
15690,10095
3338,413
5302,973
3570,2560
3693,1142
9834,14789
4140,5657
18445,1359
15396,12532
14566,5420
4189,18324
10555,174
3146,2367
15486,14922
3061,200
18455,1806
4931,1567
11540,239
16228,1444
3402,3418
3200,240
3720,174
5123,571
8269,1722
15666,16670
4065,973
4179,566
14307,643
3849,12555
3535,3136
4421,796
3118,1510
17140,1149
3045,5997
12817,19112
4887,2341
15427,4497
18892,19767
17688,19616
15746,2261
5062,14819
3996,16851
4298,43
17025,176
3080,2261
14443,413
19339,5698
9941,7021
4804,10255
4627,174
17034,8488
8071,3966
3899,328
8124,2280
14767,2261
18265,7890
9149,7269
15561,9803
17235,1124
5738,4711
10867,7034
5299,5872
3233,8959
15440,18349
18481,936
6846,3076
4561,9831
16576,1600
2864,1119
11534,7589
18295,6600
14190,440
6268,1306
19154,172
3168,5107
3955,522
12645,3235
9126,17474
8557,5750
13124,13033
4879,1954
7592,403
4314,13729
5910,174
4443,3645
16046,14756
9837,8107
19442,6279
15705,334
18957,9162
4264,1584
13138,1021
4683,2543
4088,11481
14127,4573
8575,8327
4573,14127
17378,805
19250,15168
20470,421
15344,43
10171,2161
12854,339
3320,43
6230,8825
15470,16803
15465,4715
3993,328
3415,43
4927,1167
10210,1325
4027,413
4358,11115
4726,43
17191,14836
10465,531
3419,2855
5128,6919
18885,18387
16225,476
19384,19868
3529,17334
4972,14211
6157,43
6942,2261
5381,14361
8924,936
12408,973
17813,1177
15405,15170
7561,14739
13303,7890
10743,19888
15422,15187
3431,782
12925,1530
15672,1444
15609,20026
7247,1000
6539,936
3479,2858
16160,782
7187,16083
4516,838
12089,7890
11330,176
3766,223
9851,19412
16047,17527
3864,14836
4476,6510
7700,43
16851,3996
17139,796
3464,14461
12664,4675
3741,157
15837,2312
19646,19965
3010,1426
5061,14922
12151,5043
14349,7555
16068,1914
16114,13537
6402,15016
5868,2806
19596,16514
6511,11205
6664,43
8960,13151
18643,14015
6700,12260
7836,8068
6442,9101
18988,14922
12755,16546
5583,784
6904,7678
5415,1968
10404,6200
7071,458
13412,10954
6477,419
16163,18527
18646,1562
6616,2603
14324,1329
20026,19825
13226,7397
6957,10813
9209,10000
10577,7765
5872,5299
5426,18613
5636,517
8798,8151
6628,782
6549,1384
20321,1570
15986,1444
14524,14426
15937,10954
17521,2389
13121,10642
7134,2756
5930,3439
5552,11293
6699,8313
7424,2018
5620,1602
5695,7443
13575,16115
11374,18420
6613,876
9136,174
16004,10286
10031,328
17453,174
19754,3152
10733,9232
6228,43
5843,5029
10201,990
6814,43
16371,829
6068,3810
12911,1903
6949,19825
14086,5755
10008,1149
19890,4017
7039,43
18832,6194
16629,1444
10607,7369
6021,796
16686,643
15974,16005
7674,2261
5338,13476
8589,3225
5797,14987
5679,4239
7123,2438
5564,936
6858,9232
6019,1647
6886,7713
11627,17645
5974,4338
9060,7294
6756,1378
5501,328
6830,2960
6726,2560
12203,1400
8844,1256
5340,6305
18653,17770
9235,1774
16108,4532
6825,6194
10875,5728
15852,18406
5439,10422
7195,9265
6434,2452
6471,9409
18661,10873
14532,9942
6535,520
16966,16994
18773,10138
5779,4341
18853,5827
5508,12589
16186,134
5747,7974
17156,1499
6392,1121
12012,530
6202,43
13414,413
6317,1195
6225,5105
9601,4497
16891,1268
5687,19636
7423,989
5751,1490
11990,15170
7159,2905
7433,538
6332,834
18763,11498
11605,7850
6574,1034
20146,6882
6492,176
11535,18747
16229,2341
6940,629
10740,1400
6127,15016
18965,14236
7064,413
5942,927
7058,6504
6601,1688
18887,15490
11049,1780
8972,1748
6406,15750
19700,16163
5757,13476
12990,328
9922,413
16165,1179
17464,15871
13520,8299
19297,2052
10885,180
16585,15330
17888,174
11234,15286
15866,3076
6714,385
6983,591
5918,10450
11830,413
11313,413
19443,8319
14601,15601
15971,11453
6301,3656
14787,116
6707,43
6053,16236
5413,6868
6283,7056
19313,6402
19392,981
8936,9954
19923,796
5402,4933
11245,17162
13436,6177
7942,4123
5811,13913
6806,4341
6757,7331
7493,7725
7537,3105
10940,5212
18925,9756
5461,2296
18873,6930
6421,1718
15845,11238
6902,7646
16119,17318
13410,2170
5880,4786
5789,2261
6401,1726
6010,11906
7020,1400
13038,1170
9020,7966
6282,6791
7092,2271
9204,18921
15885,2872
12670,4456
6292,43
14016,973
19846,7272
17919,12205
6987,3492
6083,2995
12048,4365
6848,20273
19230,2905
6856,643
18750,18318
5592,231
10739,544
16517,15120
5420,2949
19920,6324
10976,1124
6658,7056
16328,6575
17447,3161
18907,4933
14330,1749
6954,3730
5864,639
6273,3504
5385,2161
16224,314
12962,2663
5835,3591
12903,8796
7074,8156
7162,4419
6153,43
5983,1810
18758,16569
11210,4341
14063,2776
9446,43
16278,8590
6919,429
6209,2871
5384,3917
13683,43
6358,16946
6775,172
6107,174
12679,9682
8655,7056
8048,174
5455,2871
18863,15107
18916,8449
10991,1850
5556,467
5641,2838
6031,7957
5997,3045
17599,17918
6819,9756
13147,12904
6345,4360
16029,16878
9649,6584
7627,176
14038,10769
16383,43
6368,76
6231,429
5943,20394
8244,14475
6494,4341
5848,1264
9494,43
6049,7862
18963,20235
6417,9141
18796,14586
5903,2261
14032,413
5453,290
17384,20480
6135,3894
12412,14395
18854,15643
5729,9803
6435,160
6656,14481
6582,20408
16494,43
6291,290
5399,7732
6652,7369
15864,17072
13446,43
15901,11521
7762,4715
11215,269
13563,17765
6843,11702
6399,328
6804,1373
6926,3312
10571,43
8636,134
6998,174
6483,7381
7853,781
20105,4233
5428,796
9231,10273
8110,18608
7222,328
14546,306
6180,12569
14215,13462
13297,174
8888,413
10212,844
5715,1149
10747,6178
5607,7369
9959,2203
16935,643
5630,2898
9262,76
5333,591
7075,8192
16146,3225
6504,7058
8617,19462
6623,413
19828,10862
6433,923
5957,13567
6625,5817
6607,413
5680,1570
15886,176
5603,43
8938,909
17844,38
7033,413
19492,174
20466,19192
6260,1000
10681,3036
8120,796
10791,3104
14739,7561
13546,7364
5916,10857
7805,796
5335,2959
6896,6987
13150,413
19350,14922
8077,176
5996,18608
10783,11566
14808,413
8140,1387
7595,10095
6455,796
18829,17960
18723,9250
14493,5110
16506,13448
5617,973
5912,10180
5882,12635
6859,4213
11688,2261
5634,174
16111,1428
10786,680
6502,174
11212,43
19338,1499
6985,456
18791,3237
6541,9265
13060,2261
6045,1328
5803,2261
16087,4880
6366,3810
11856,43
19091,634
6647,174
19543,13567
5708,46
7066,413
6650,2830
16059,1000
5852,7369
6763,43
6803,910
16185,43
12234,328
13326,457
6222,1325
16090,9201
8096,413
9892,6153
6250,18397
17804,10135
7093,4374
10451,3970
7129,19825
8181,973
14107,10764
6938,2261
12071,1268
7046,10109
11188,8878
11336,20159
7154,413
5987,796
8666,8972
11421,747
16293,5029
16009,836
16099,2838
7358,9634
12797,5359
17607,782
6842,3576
6023,1936
19389,5976
9925,1676
18827,1445
10369,174
18912,18016
6147,7219
11447,15016
5424,9130
9742,4277
7272,14061
8780,1968
8571,5609
10286,604
9453,7369
19085,5041
9662,7074
8728,74
10003,9280
8182,3170
8265,9872
8004,1726
20306,2253
14898,18214
8518,12684
8492,20120
7303,15708
8472,5832
19611,2222
8430,9808
7534,13567
7564,1784
19382,16175
8298,10527
8686,643
7562,13567
16398,5265
7632,413
11689,1954
7976,1125
10799,18748
8427,11574
12353,2261
7299,17806
12937,19434
8689,19552
9910,8575
7399,6193
10647,13782
9003,10924
7362,8119
11947,16337
8264,2261
8767,6201
7958,13454
8446,2700
19170,19021
9894,1440
9570,3272
7467,8843
18971,8299
8350,936
12959,3357
8777,8005
11305,3400
13510,18420
8438,322
16230,1499
16446,4374
10083,6422
8118,139
19682,6780
7722,1531
16264,11292
12366,10764
7957,4458
7275,7203
11133,2923
7926,6654
8440,5265
7886,6951
13524,2913
19235,18154
9962,13567
19594,460
7670,8829
7764,12310
8746,9265
8084,8511
19162,3254
8090,6270
19471,8918
8017,1722
12564,3917
8550,8140
8026,6868
7461,6578
13355,14236
9593,1389
13485,13970
8153,615
7326,172
16416,14036
8563,11244
7551,4199
8170,12142
7190,4374
11141,8005
16348,12660
8425,15279
8142,782
16893,4880
19000,14729
19216,1444
7628,6600
10304,3869
14669,6696
19213,9965
10137,5481
7211,160
12726,82
10141,7976
7916,19618
12989,20070
12074,1194
19061,10037
19099,15490
7749,2794
8555,16945
19238,4933
8668,127
18999,2443
14629,14922
10221,19176
7772,328
10576,13567
19041,6192
19094,15264
16275,8872
17694,15317
7768,3953
8654,9474
11293,5552
9656,7269
8620,4374
12840,2780
7374,3751
8528,14395
7538,7732
8603,14329
7543,5076
8759,10696
8577,10960
7929,14412
8075,1268
8623,14236
19672,56
8656,3751
7671,3917
8002,2296
8594,290
17569,43
10411,290
8592,2261
8006,176
9923,440
7306,14952
7679,1428
16442,1444
12732,2391
19556,4499
8784,782
11940,413
8482,2210
17181,18344
7341,440
8172,5231
14827,43
19037,15317
8354,7658
8585,444
8544,1673
14312,1444
12320,43
12128,2261
8188,14499
13470,6047
8312,6154
19116,14673
19010,16235
12080,334
8028,5064
7994,754
7972,1258
8554,11541
8595,782
12061,9415
12208,174
14906,4211
16803,15470
16378,15728
8634,43
16453,1125
19189,15955
11354,17589
8040,7070
12928,12755
16429,8759
8763,9858
12175,43
8250,7443
10892,14898
7598,3504
9843,936
7235,290
17241,18621
14103,174
7542,11772
7889,643
8201,440
7662,1325
8464,10862
8270,174
8284,5851
10172,1079
10730,5465
11652,681
16597,19825
14400,14043
9451,387
13996,9220
8870,43
12463,2356
10115,13567
14235,7678
9182,14
10176,313
12290,18767
19380,12883
13674,9323
10013,690
9917,7725
12424,6189
19274,5486
11574,13657
10423,13567
9719,7237
9841,9449
9108,4419
9583,13567
19485,2786
8869,938
13099,14729
9577,7698
11578,6298
12030,1790
8880,9091
10130,334
16550,12555
8863,1290
9676,512
12617,1268
9518,5906
10329,1104
16858,4919
10374,14236
16644,1466
11371,1325
10311,2356
10185,4919
9413,11973
10140,1112
8857,643
19385,3318
8816,5233
16672,15248
13282,6248
9641,12579
13012,9422
16639,17757
12069,6689
9343,8668
9568,43
19272,936
9808,9662
13914,1953
17579,5755
9256,14395
10357,14049
14454,6904
13232,1400
10522,8005
10531,18324
16697,14922
13895,174
9164,4891
9075,2374
9480,2389
14320,4851
8984,7443
9504,9846
13602,5312
16538,15860
10316,1268
10380,5080
11005,16659
9896,413
10177,13476
9251,7056
17809,14937
19266,2196
19452,13476
9255,13567
9574,334
19786,1380
9287,5331
8955,1194
16673,9661
9016,1588
9276,6646
19336,782
20235,18963
9244,900
9013,15129
9078,1968
10488,18324
9619,1246
8906,6196
10105,1268
9156,572
12184,3790
8864,3021
9905,4647
9405,13567
13548,1749
9795,19825
9175,429
19561,328
11097,4212
8921,13995
10252,18704
11745,1149
10592,15168
16618,19267
9995,4419
20257,9863
19504,2568
11456,1999
9575,2444
19537,3917
19308,13476
10366,13723
10436,4848
13901,2171
12753,5117
9121,14713
8831,76
9823,741
19516,6600
16714,15223
8791,11806
10335,15286
8995,160
12035,9997
9166,2591
16744,2932
10036,1985
13103,20151
9999,3887
13715,3143
10189,3584
10924,10049
9551,2261
9502,9803
10354,16151
9903,334
11195,334
10457,6047
8912,1174
16792,1149
17768,283
8881,12328
9869,2430
9888,1721
20097,11692
19422,4305
19460,12301
13507,467
20515,2261
16543,15536
14703,6106
10503,9803
17784,8222
16562,5300
11622,23
16870,17746
9396,440
10015,6531
16827,2802
8882,18100
19548,2875
9546,3108
16872,17176
9006,3015
9414,13567
10424,1268
10346,413
11174,11575
12966,15335
16842,1149
19831,16337
11931,5356
13539,3917
19884,15032
13976,10527
13260,15265
11292,18971
10844,9117
11525,1167
11243,1373
11820,6510
10603,11906
10677,15406
12644,8492
11799,11831
11035,3917
12016,19252
10995,10595
10834,3751
10782,15490
11455,211
10670,8099
19614,1616
14505,5817
11381,14139
17772,7732
11353,14561
12273,13452
14665,1218
11052,8535
11003,17067
11978,15733
11073,1179
11287,12815
11140,11593
11418,14451
10943,5341
10547,11555
11593,11453
12846,1121
11113,13057
11473,9794
17141,7272
11762,7713
10621,11563
11927,2126
20280,5076
11118,2203
11900,176
13075,1846
17224,3423
19908,19438
11557,2659
10700,2261
12375,7652
10985,9765
11176,7300
11997,1852
11170,15601
13568,4891
20133,426
16964,2508
11562,6600
19809,7299
19720,7331
16985,1131
10919,6882
14057,2196
11384,10092
11214,11736
11123,4497
10655,159
10913,413
14597,2539
14910,876
12512,4497
20186,5365
10793,7651
11323,5582
16962,1059
10955,4508
17132,8492
11144,4544
11173,14077
11831,10204
11127,2058
19960,5717
19781,16297
11129,13294
10889,43
11788,19825
11445,8932
11109,1132
11746,2624
11840,7443
14705,3401
10755,7311
11103,8380
17350,14081
11463,15750
11566,10783
16981,7016
10549,19825
10641,6475
16998,936
17202,20227
17427,782
10861,9276
11051,11186
10760,16297
11640,2058
11156,2693
11441,14884
13709,3346
12147,43
11096,43
19606,7890
12017,6751
13699,18268
11311,1953
10781,5308
11148,4907
19629,20473
12009,13004
11288,110
11207,10908
19965,19646
11137,9265
19697,8905
10983,4220
17603,8005
13213,7486
12123,15839
12365,1625
17311,10527
12870,13476
12744,7419
13191,1608
13112,8955
12343,1268
17876,8179
12729,4906
12075,13484
20112,13727
14243,6407
14623,973
12413,43
12717,6427
13057,11113
13459,643
19963,17886
17451,18287
13843,3917
12145,8630
13431,872
12713,956
12600,1400
12623,23
20141,3751
12653,160
12935,9265
14059,2240
20014,3573
17803,174
12432,5129
12470,18929
14858,782
12641,1142
12307,3917
12741,8829
17517,6325
12788,1268
12269,2887
20074,710
17406,3571
12548,15016
12569,1740
12973,3195
17322,4846
12438,3406
20041,782
12404,43
14238,10293
12150,5251
12464,176
13032,413
19992,3917
17308,7505
17482,1596
14096,796
12215,722
12044,460
13237,2422
12775,8183
12483,312
12231,13476
12088,973
12635,5882
20108,15758
20004,7299
12566,13685
14766,2193
12254,8064
13137,2350
12767,1985
12880,9191
12109,10323
19956,13567
12220,43
12402,754
13161,6329
12190,43
17363,782
12529,1684
12555,16550
17387,18915
13950,4544
13407,666
14163,4141
14522,15286
13283,16760
14114,3176
20278,11374
14105,643
13858,5341
14085,3562
13432,2058
14146,2700
13995,1222
14264,5791
13270,211
13788,1510
17597,17570
17701,9528
13500,2457
20237,15277
13645,14784
14094,11928
14836,11178
14164,1499
14069,2280
13572,5076
14003,1692
13863,3350
13944,14236
14409,413
13291,11084
14165,14007
17865,413
20258,3399
13340,1406
13529,19725
20189,16151
20157,3225
17526,4933
20185,1444
13883,13567
13439,9317
20161,1000
13936,11476
14216,18575
17855,16096
14265,6347
13433,2945
13955,868
13375,7269
17679,7601
13402,6868
13549,7084
17721,8639
13281,1903
13743,2502
13536,9465
13780,13864
20240,13275
13559,14111
13904,3036
14630,12448
17806,8547
14643,278
14488,5314
14446,2443
14399,1748
17846,13567
14615,631
17835,518
14347,12576
14499,8188
17825,15356
14507,5314
14562,5728
20423,176
14649,18482
14561,11353
14761,907
14895,12471
14750,6822
14876,4419
17921,18132
20547,7369
14868,11136
14845,3917
14909,7774
