business_id,city
659,0
562,1
354,2
284,3
758,2
858,4
729,5
191,6
765,5
550,6
564,7
644,2
80,8
702,9
122,10
315,0
794,7
450,11
137,10
711,10
350,3
863,12
31,6
425,3
308,2
419,10
231,10
877,6
913,13
918,14
629,15
804,16
617,8
628,17
589,16
662,18
423,3
385,0
293,19
155,8
274,2
654,2
695,2
92,0
384,16
691,8
655,0
710,6
630,5
889,10
638,0
131,8
809,8
888,2
209,5
482,8
531,0
642,6
619,1
626,0
23,8
100,2
309,20
39,0
247,21
66,2
363,2
356,11
138,22
599,23
906,5
9,3
410,11
919,6
268,0
82,6
290,2
133,24
648,0
217,22
592,25
545,0
300,0
934,9
243,5
815,26
325,12
951,27
510,0
598,8
434,0
303,2
713,2
378,8
275,0
676,20
735,28
154,7
808,24
261,0
316,10
357,7
636,0
757,0
637,2
590,0
845,25
832,8
754,5
26,8
798,13
287,20
501,26
120,16
365,9
652,0
577,6
643,19
684,3
621,20
395,5
910,10
42,6
742,20
595,6
540,16
544,5
903,0
141,0
631,2
854,5
894,16
352,8
412,10
60,3
272,21
682,0
722,8
653,11
377,6
302,9
424,2
666,2
933,0
399,6
33,0
693,2
736,7
856,7
796,0
473,19
616,26
225,2
914,4
897,0
664,9
157,0
383,3
717,2
516,19
237,0
543,0
438,29
370,2
20,8
436,30
84,8
463,28
922,26
235,0
944,8
690,2
847,11
782,6
397,26
411,5
883,10
288,0
741,26
708,2
49,16
17,8
407,0
640,29
471,31
103,8
932,11
694,6
205,0
388,8
532,0
239,32
240,0
612,2
226,26
221,16
872,0
295,25
493,26
530,5
479,0
107,16
329,26
9914,1
697,8
335,0
911,33
477,10
102,10
635,27
766,34
299,2
139,8
936,2
391,11
182,8
146,1
670,5
826,35
279,11
915,0
427,8
800,10
89,11
526,6
929,20
511,11
420,19
881,2
126,8
622,0
677,0
70,11
207,2
755,8
783,0
402,7
108,36
306,10
62,11
228,2
870,0
484,11
267,7
452,20
920,3
588,37
879,3
575,0
524,26
581,1
421,11
73,0
498,6
686,6
194,11
405,10
321,16
743,16
47,7
817,10
776,2
669,26
160,0
874,2
394,0
641,11
245,0
57,6
44,6
330,5
149,38
848,6
569,34
199,0
703,8
3,0
145,2
846,7
227,11
68,0
469,8
304,26
332,10
521,0
346,2
396,6
844,31
422,36
529,26
381,26
678,1
464,6
841,2
645,0
950,0
935,0
255,2
585,0
472,20
314,7
200,2
358,0
344,2
777,11
14,11
7,0
491,2
658,30
367,9
610,13
520,28
4,8
253,20
426,10
213,8
728,16
454,6
111,1
418,0
347,0
746,32
171,6
368,0
260,8
828,2
681,32
539,16
646,8
152,6
307,2
362,7
487,6
689,11
95,32
400,6
190,1
895,0
430,14
606,8
1,16
504,9
797,22
439,10
673,8
349,6
371,5
657,8
79,5
688,8
730,8
925,2
251,10
506,19
899,22
573,2
602,0
43,6
112,11
53,8
183,19
294,0
408,20
8,6
604,0
78,0
71,0
668,0
276,5
236,8
744,0
478,0
161,3
878,16
117,6
938,9
74,5
113,26
924,2
15,8
446,10
541,0
607,20
892,8
413,0
834,25
153,39
273,16
376,6
904,19
159,26
67,27
667,8
752,6
181,26
10,0
650,36
570,6
262,0
890,40
492,2
115,0
322,0
178,0
603,32
163,2
188,2
169,8
313,19
128,0
823,0
301,41
600,20
442,2
258,2
142,7
50,8
489,7
310,8
184,5
345,16
91,10
512,0
851,2
517,2
271,10
698,10
931,9
908,7
27,22
583,10
769,11
61,0
714,9
535,8
948,27
109,32
791,21
555,2
124,2
448,0
379,2
716,5
24,8
29,2
177,16
406,6
891,10
116,23
816,2
852,26
715,2
51,0
868,0
683,0
164,5
759,42
264,13
86,2
433,43
333,7
587,6
369,2
647,0
270,19
814,6
466,0
558,2
355,26
456,1
579,27
502,2
552,13
947,5
618,32
719,0
392,19
246,1
366,8
896,19
281,0
234,2
525,19
930,7
519,0
731,6
634,0
93,8
751,6
218,43
326,8
475,19
48,8
737,36
707,16
318,2
101,1
786,16
401,16
490,10
675,0
586,3
857,2
172,0
476,2
747,11
696,8
775,10
560,20
37,6
211,0
453,2
849,11
873,2
56,0
862,20
415,23
459,8
249,6
256,0
123,0
130,0
727,10
144,44
311,8
623,8
633,45
69,20
839,13
99,0
455,6
193,0
632,11
96,19
216,23
214,2
738,20
359,2
571,20
21,0
494,46
156,8
813,25
323,0
215,0
361,19
334,26
787,6
567,0
753,11
563,0
822,14
620,2
767,0
799,6
499,10
724,5
319,6
812,6
432,47
548,20
457,3
565,27
503,32
338,8
97,0
223,6
927,2
699,0
726,24
901,10
435,0
224,10
732,5
952,0
593,6
485,0
780,6
403,23
248,2
186,2
87,5
393,11
821,1
447,2
336,2
627,0
470,19
282,4
35,16
923,14
661,0
283,0
94,2
559,0
912,31
305,11
945,11
615,26
98,2
88,19
375,32
417,19
483,11
928,23
278,10
25,16
480,0
537,2
805,16
756,2
917,20
198,11
692,32
763,2
495,0
312,2
192,3
554,5
898,2
409,2
257,16
440,0
12,10
613,10
201,2
105,2
389,10
513,0
789,0
625,6
793,0
106,6
885,0
578,6
445,8
802,0
342,0
750,10
320,23
611,0
840,26
884,35
64,8
705,33
574,11
252,0
665,8
596,2
546,0
110,1
266,1
230,19
129,0
674,8
764,1
679,7
509,2
533,8
374,31
22,0
59,27
807,16
523,11
250,0
16,0
390,0
886,34
829,20
195,8
542,0
486,11
865,2
212,3
709,7
733,0
508,8
173,2
81,10
921,34
317,8
468,0
941,10
32,0
30,19
6,0
63,11
790,48
136,8
902,32
297,31
135,2
203,8
566,20
285,20
900,8
449,2
770,6
292,11
118,8
263,49
55,10
860,12
649,16
327,6
58,0
866,21
864,8
850,50
614,26
706,9
324,2
372,16
720,2
608,11
208,32
946,20
104,8
197,2
353,20
774,8
943,0
687,8
45,10
778,11
458,31
289,0
835,0
771,30
576,2
298,3
148,0
196,0
818,8
522,8
416,8
220,2
277,11
166,0
269,26
2,0
444,2
254,8
241,0
474,16
180,8
210,11
481,0
505,2
761,51
810,11
909,0
451,26
398,20
174,16
121,0
5,0
238,0
328,0
348,3
158,20
437,0
259,20
671,31
725,10
488,2
151,5
591,8
179,8
414,2
639,20
497,2
556,52
551,11
785,39
462,3
801,0
680,11
597,0
825,16
594,0
704,3
536,29
660,23
762,8
189,5
549,10
465,2
867,8
557,2
54,6
134,11
836,9
286,0
387,53
176,0
582,0
219,8
779,10
875,8
83,0
170,0
461,22
534,5
853,19
819,18
942,8
656,10
568,6
507,1
803,5
337,0
467,3
601,6
90,0
672,8
114,8
547,0
28,0
52,5
460,23
443,2
496,26
150,0
760,8
580,8
38,11
206,2
140,0
893,19
40,2
831,11
19,2
855,6
386,0
824,2
749,7
46,1
441,19
428,5
572,2
748,32
18,6
768,0
125,0
343,8
527,8
609,19
876,7
887,2
280,22
833,0
380,19
76,0
792,0
772,0
784,54
222,0
11,8
837,0
514,24
949,3
75,0
431,8
939,55
339,36
820,26
937,10
341,6
296,2
871,7
119,19
175,0
162,8
788,1
41,0
869,6
373,6
843,11
916,0
429,56
36,5
242,14
739,5
926,23
880,2
204,8
404,7
77,3
72,6
882,2
382,28
13,0
265,12
233,5
723,2
907,7
605,7
518,32
663,32
132,19
953,7
712,7
85,6
168,8
331,19
624,10
905,10
553,6
806,3
700,2
340,26
232,43
734,2
795,0
701,8
781,0
842,0
65,6
147,5
827,54
685,5
291,2
185,0
830,32
528,0
811,16
838,32
584,0
773,8
34,0
561,0
745,0
202,8
229,19
721,8
500,0
538,5
167,2
861,10
718,2
940,0
351,26
165,27
364,0
187,6
127,10
651,0
740,20
143,0
515,10
244,19
360,2
859,20
1213,11
1756,11
1056,0
1030,6
1087,16
1821,3
980,8
1829,0
1800,2
1380,8
1421,5
1751,2
1618,10
1176,19
1347,6
1044,8
1919,2
1733,26
1094,8
1127,23
997,0
1636,3
1891,0
1683,57
1658,2
1892,11
1349,6
1786,10
1338,2
1012,0
1116,2
989,0
1691,0
1180,10
1437,1
1289,0
1605,0
1741,2
1584,10
1561,20
1130,6
1606,6
986,26
1360,0
1457,6
1438,0
1255,2
1530,19
1298,2
1613,26
1135,26
1641,58
1157,2
1215,20
1340,19
1708,0
1540,11
1698,11
1822,8
1103,16
1917,0
1378,0
1031,6
1333,8
1441,24
1078,0
1422,3
1252,16
1238,6
1488,9
1692,0
1615,2
1350,2
1015,8
1665,10
1233,59
1068,1
1201,8
1593,16
1262,5
1889,8
991,6
1071,0
1014,8
1690,39
1217,8
1820,2
1320,32
1568,2
965,8
1655,10
1315,60
1265,2
1673,5
1576,8
1291,8
1285,26
1738,16
1630,20
1440,5
1628,20
1057,11
1208,2
1006,0
1582,8
1638,8
1869,11
1395,8
1753,8
981,8
1162,0
1385,50
964,0
1633,61
1172,0
1578,2
1137,32
1769,3
1481,16
1108,26
1284,5
990,6
1806,2
1304,0
1260,0
976,0
1061,5
1611,6
1646,10
1504,5
1334,21
1844,3
1823,7
1812,62
1617,0
1522,8
1507,6
1480,3
1932,19
1042,11
1221,16
1808,16
1037,63
1003,8
1228,2
1580,0
1205,2
1287,23
1780,43
1807,38
1650,11
1446,8
1020,0
1245,2
1678,23
1145,0
1153,16
1267,20
1396,0
1305,26
1865,0
1070,32
1502,19
1164,2
1009,8
1508,3
1389,0
1788,16
1571,1
1727,2
1874,64
1299,0
1497,11
1131,0
1601,17
1754,8
1744,2
1423,0
1661,6
1212,19
1896,11
1853,16
1939,5
1096,11
1337,6
1064,10
1460,10
1526,26
1857,2
1836,2
1348,0
1721,16
1383,2
1362,0
1722,7
1732,28
1705,26
985,0
1567,0
1719,0
1509,5
1256,10
1432,10
1831,0
1516,26
1490,6
1276,10
1642,7
1452,0
1619,65
1126,16
1430,11
1845,35
1898,0
1151,6
1500,10
1281,0
1466,8
1361,20
1749,31
1723,16
1418,6
1597,5
1120,0
1053,66
1904,67
1177,0
1243,6
1513,6
1663,7
1355,2
1114,2
1755,32
1887,8
1330,11
1478,8
1310,57
1548,8
1002,0
1652,0
1631,7
1758,6
1862,6
1553,16
1693,30
1462,3
1444,20
1141,8
1409,6
1884,2
1876,26
1142,5
1174,26
1241,8
1069,7
1288,11
1431,2
1519,0
1787,7
1133,0
1117,10
1399,20
1535,0
1367,5
1121,0
1695,2
1813,8
1782,2
1167,8
1408,32
1384,0
1515,8
1424,0
1577,0
1182,6
1097,11
1470,0
1900,7
1058,10
1475,1
1447,11
1055,6
1359,0
1402,27
1302,8
1494,12
1566,30
1499,0
1496,68
1386,29
1906,12
1604,8
1882,0
1169,6
957,0
1911,0
1326,2
1189,0
1139,11
1413,8
1196,0
1393,20
1866,0
1928,11
1528,2
1734,30
1209,2
1082,0
1018,0
1098,8
1211,0
1026,0
1309,10
1329,2
1854,0
1804,11
1231,10
963,1
1214,9
1165,5
1237,8
1365,19
1765,6
1248,2
1022,0
1621,8
1075,6
1792,18
1035,32
1672,16
1024,2
987,8
1711,2
1915,13
1060,0
1390,23
1550,10
1493,3
1138,2
1531,2
1560,0
1387,2
988,2
1713,19
1872,10
1125,69
1232,2
1482,20
1931,8
1506,16
1458,2
1537,8
1543,8
1101,6
1505,8
1894,8
1207,0
1520,8
1016,0
1676,5
1645,7
1436,5
1594,5
1521,8
1005,0
1420,5
1895,19
1244,8
1427,20
1118,6
1815,70
1773,8
1303,0
1784,10
974,8
1849,2
1414,6
1185,7
1029,6
1609,5
1805,2
1686,7
1150,8
1416,35
1549,24
1318,43
1583,0
1775,10
1877,5
1369,0
1625,10
1054,26
1798,32
1119,0
1897,28
1036,5
1573,2
1570,71
1830,28
1388,9
1092,43
1825,8
1442,32
984,8
1230,10
1155,2
1311,8
1581,8
1745,2
1589,11
1881,5
1397,72
1346,0
1415,8
1616,7
1023,23
1592,61
1588,7
1084,0
1668,7
1343,12
1725,6
1934,20
1647,7
1587,0
1657,0
1659,0
1653,6
1052,9
1074,8
1938,11
1903,73
1417,0
1467,2
1435,20
1701,5
1433,11
1404,2
1796,74
1034,27
971,0
1106,0
1627,6
1358,6
1428,6
1049,10
1107,10
1216,2
956,0
1449,7
1257,2
1878,0
1059,5
1224,10
1077,8
1545,8
1112,32
1371,16
1783,0
1579,0
1045,2
1280,10
1912,29
996,0
1008,1
1266,8
1534,9
1341,11
1834,16
1173,2
1930,9
1264,26
1842,62
1848,0
1761,6
1729,9
1033,0
1623,18
1331,2
1091,2
954,8
1731,8
1477,11
1677,0
1405,8
1184,32
1453,17
1883,11
1066,20
1772,2
1019,0
1204,5
1247,75
1572,2
1083,2
1575,11
1544,8
1088,8
1918,0
979,2
1847,0
1296,8
1669,6
1319,8
1598,0
1195,8
1046,0
1574,23
1936,47
1599,0
1770,0
1136,2
1841,2
1274,2
1614,7
1286,0
1766,0
1591,10
1105,2
1278,27
1251,0
1748,11
1634,0
1814,2
1707,2
1742,6
1680,6
1484,13
1730,8
1443,0
973,23
1463,19
1366,2
1219,26
1735,16
1283,8
1810,2
1090,2
1163,32
1373,23
1154,5
1809,11
1639,0
1654,0
1067,11
1040,8
1777,6
1901,2
1899,2
1558,1
1379,16
1391,11
1495,0
1401,16
1837,10
1166,21
1197,26
1518,8
1181,20
1790,0
1335,8
1124,2
1412,8
1563,0
1590,13
1816,23
1905,2
1487,0
1013,6
1202,2
1555,8
1465,0
1927,76
1632,8
1314,0
1608,8
1270,2
1464,5
1263,0
1406,0
1410,6
1694,51
1602,5
1718,8
1662,0
1110,2
1210,1
999,2
1047,8
1525,5
1179,8
1924,1
1089,0
1879,3
1242,0
1160,0
1454,34
968,8
1327,6
1474,0
1860,11
1095,20
961,19
1909,35
1471,5
1038,8
1472,5
972,0
1342,20
1926,8
1439,12
1122,1
1051,0
1867,7
1868,0
1235,31
1102,19
1188,8
1795,7
1629,2
1710,36
1864,0
1028,8
1027,0
1062,8
1743,77
1295,11
992,0
1381,2
1001,7
1674,2
1080,16
1682,0
1622,8
1222,10
966,19
1875,6
1426,0
1503,6
1250,43
1170,2
1498,1
1364,6
1649,0
1799,6
1833,10
1325,8
1908,26
1626,7
1104,0
1762,78
1640,19
1827,0
1461,6
1459,8
1933,13
1099,8
1702,8
1564,23
1134,0
1363,16
1011,2
1644,8
1556,8
1186,11
1491,16
1852,0
1890,6
1637,2
1843,2
1223,7
1750,79
1768,8
1178,8
1856,2
1111,6
1377,10
1161,8
1279,0
1158,2
1935,0
1293,2
1797,9
1737,2
1846,2
1085,57
1321,0
1187,2
1149,0
1171,8
1272,44
1229,0
1398,26
1921,6
1225,11
1313,6
1308,0
1336,10
1569,8
1076,2
1835,33
1916,0
1392,0
1199,2
1752,10
1451,80
1376,0
1704,0
1290,0
1554,48
1880,8
1032,8
1273,3
1533,1
1759,26
1492,2
1740,26
1357,11
1370,2
1920,7
1063,6
1072,0
1476,0
1322,10
1888,1
1838,2
1323,26
1183,8
1685,23
1551,10
1776,9
1760,0
1839,21
1282,81
1236,23
1356,3
1065,2
1039,13
1316,32
1021,20
1352,32
1511,10
1595,23
1152,2
1048,6
1624,2
1902,0
1479,32
1603,7
1485,0
1861,6
1764,0
1651,12
1324,19
1239,0
1907,10
1671,8
1194,8
1714,82
1261,20
1050,3
1328,3
1664,6
1529,21
1720,6
1198,8
962,6
1277,2
1767,0
1354,0
1850,12
1353,2
1240,2
1146,20
1382,19
1778,8
1885,0
1193,6
1679,11
1259,5
1483,5
1697,6
958,0
1307,10
1332,1
1206,2
993,3
975,39
1736,0
1317,0
1600,83
1886,23
1689,7
1863,11
967,8
1017,8
1081,20
1771,6
1312,5
1132,8
1227,8
1004,0
1747,2
1100,6
1306,0
1746,0
1779,2
1374,84
1785,26
1586,8
1667,19
1339,2
1512,2
1716,3
1375,1
1717,10
1450,11
1703,7
1670,5
1148,0
1929,28
1817,2
1234,8
1565,8
1851,11
1620,8
1249,0
1706,6
994,6
1826,19
1840,10
1000,6
1763,19
1643,8
955,5
1656,8
1585,85
1648,2
1073,19
1538,0
1612,0
1559,2
1859,2
1489,5
1218,6
1712,0
1828,14
1819,2
1147,5
1922,29
1539,32
1203,23
1190,2
1192,8
1191,9
1400,2
1258,3
1789,2
1523,30
1268,0
1811,1
1093,2
1115,5
977,0
1351,0
1514,10
1419,5
1517,2
1434,0
1635,6
1254,0
1696,86
1709,8
1802,2
1345,26
1294,0
1675,2
1175,19
1246,0
1726,8
1300,0
1456,2
1832,0
1562,2
1226,2
1140,17
1429,3
1220,24
1801,2
1168,5
1123,27
1156,0
1923,7
1532,0
1527,6
1607,2
1425,0
1292,32
1144,8
1794,3
1910,2
1724,26
1301,2
1394,10
1524,35
970,8
960,0
1660,20
1486,8
1858,2
1079,16
1411,8
1200,10
1025,8
1473,11
1699,6
1940,8
1793,8
1010,6
1368,20
1757,7
1455,0
1143,8
1041,0
1275,2
1870,16
1824,26
1739,2
1007,6
1253,16
1344,8
1610,24
1557,87
1937,2
959,2
1552,11
1407,0
1818,26
1546,9
978,8
1914,23
1372,0
1109,10
1159,2
1445,19
1893,10
1925,85
998,6
1774,88
1791,26
1297,2
1855,16
1666,28
1687,6
1128,3
1700,20
1913,2
1469,19
1501,7
1536,6
1043,3
1547,32
1113,5
1596,2
1086,32
982,5
1448,11
1684,11
1271,0
1803,18
1728,5
969,20
1129,5
1715,13
1873,3
1468,23
1510,6
1542,10
983,0
1403,3
1781,16
1269,20
995,8
1681,3
1688,2
1541,20
1871,19
2610,5
2719,2
2503,26
2714,10
2128,8
2489,0
2700,0
2571,32
2005,0
2201,5
2566,19
2176,0
2205,2
2402,10
2442,0
2971,12
2008,2
2161,6
2771,0
1942,5
2248,8
2082,89
2376,10
2375,26
2936,24
2645,8
2630,0
2287,0
2956,2
2029,8
2726,0
2438,35
2512,2
2894,2
2240,2
2787,11
2179,7
2049,0
2209,2
2333,2
2173,10
2921,16
2642,5
2935,6
2662,2
2547,6
2334,17
2102,8
2354,0
2676,25
2260,8
2828,0
2851,19
2424,2
2002,2
2560,0
1967,2
2951,33
2230,7
1963,6
2753,8
2599,90
2498,8
2666,61
2275,6
2358,0
2546,1
2019,5
2452,6
2112,2
2318,2
2131,0
2768,0
2745,8
2072,6
2224,0
2410,29
2533,11
2320,2
2580,14
2048,14
2899,39
2918,2
2829,26
2132,20
2906,91
2557,0
2172,6
1956,6
2000,8
2501,6
2955,20
2168,8
2510,6
2556,8
2383,6
2241,8
2861,2
2793,23
2607,8
2109,8
2103,9
2426,0
2937,16
2094,11
2445,0
2197,0
2754,2
2129,27
2387,0
2564,14
1990,0
2567,8
2797,10
2163,26
2650,8
2538,23
2915,16
2540,8
2032,16
1994,8
1995,0
2303,8
2222,2
2627,26
2180,2
2649,8
2895,0
2673,30
2706,8
2578,9
2326,11
2687,26
2469,36
2338,5
2062,10
2794,8
2218,11
2898,7
2436,20
2152,0
2133,11
2750,92
2212,1
2875,36
2298,35
2178,6
2880,5
2015,8
2670,20
2552,21
2600,8
2847,6
2965,8
2357,8
2309,8
2941,9
2394,10
1986,16
2466,5
2795,2
2075,8
2485,2
2465,0
1958,2
2093,8
2115,6
2617,32
1972,0
2149,3
2246,0
2603,8
2467,0
2960,0
2290,93
2804,26
2122,8
2691,0
1969,5
2144,5
2477,0
2572,6
2766,6
2850,51
2819,11
2834,0
2966,0
2379,10
2929,21
2523,9
2134,0
1962,2
2283,8
2761,2
1974,3
2821,11
2522,8
2293,6
2716,8
2174,6
2055,0
2962,54
2943,94
2857,2
2388,8
2952,2
2554,2
2451,2
2780,8
2886,2
2815,2
2003,8
1952,95
2901,2
2444,19
2742,21
2136,6
2474,24
2431,26
2883,0
2543,10
2370,2
2435,2
2860,0
2608,16
2548,2
2594,0
2954,10
2081,6
2183,38
2349,26
2858,7
2773,23
1980,0
2622,28
2291,10
2456,6
2731,0
1976,0
2866,10
2453,43
2796,22
2806,0
2440,5
2160,8
2166,0
2824,8
2324,8
2721,2
2088,6
2391,2
2450,53
2425,19
2520,6
2505,3
2182,8
1978,2
2229,0
2083,6
2585,0
2725,8
2822,2
2237,8
2619,11
2135,0
2526,32
2553,0
2817,0
2727,2
2789,3
2825,31
2811,32
2715,17
2155,0
2639,0
2169,0
2784,2
2355,19
1954,0
2949,0
1961,2
2916,16
2017,10
2864,57
2407,2
2604,2
2575,8
2321,2
2013,8
2492,2
2411,3
2844,0
2085,8
2836,10
2123,6
2735,0
2833,96
2184,5
2405,2
2868,2
2816,8
2216,11
2181,30
2922,32
2021,0
2098,6
2490,7
2579,8
1996,0
2037,0
2385,6
2053,9
2909,2
2170,8
2646,0
2050,8
2058,6
2912,0
2417,30
2542,2
2146,0
2884,10
2596,8
2483,20
2590,25
2199,8
2724,23
2074,57
2353,6
2602,8
2317,2
2026,8
2276,10
2361,8
2443,21
2225,2
1998,2
2056,5
2077,10
2191,8
2367,7
2194,1
2873,5
2061,2
1965,0
2711,2
2471,2
2635,0
2506,0
2677,20
2043,0
2531,19
2697,5
1946,7
2785,12
2223,6
2696,6
2838,0
1985,8
2953,97
2279,11
2708,98
2651,3
2961,0
2900,11
1945,0
2306,8
2592,16
2325,5
2541,0
2143,8
2683,7
2395,8
2261,2
2257,5
2606,11
2808,99
2315,23
2486,2
2813,8
2038,10
2040,11
2245,0
2057,6
1964,2
2071,23
2322,11
2678,21
2196,0
2963,11
2782,8
1984,16
2479,11
2733,10
2114,8
2023,0
2969,10
2509,0
2827,8
2472,0
2612,6
2749,23
2545,16
2400,82
1957,20
2803,41
2774,6
2615,0
2421,10
2100,2
2942,19
2312,7
2730,12
1947,0
2016,26
2073,0
2514,20
2551,2
2843,6
2932,0
2095,32
2717,3
2476,2
2164,6
2314,24
2812,57
2231,0
2527,8
2300,0
2491,57
2688,2
2616,16
2228,32
2025,19
2127,10
2449,16
2907,5
2145,8
2684,7
2141,6
2004,8
2786,0
2629,0
2881,12
2478,5
2274,19
2296,47
2217,11
2266,0
2249,2
2328,46
2158,23
2689,8
2192,7
2710,20
2076,21
2285,0
2213,0
2760,10
2927,28
1988,0
2468,2
2113,0
2665,10
2330,24
2637,62
2060,0
2854,8
2640,0
2648,3
2377,16
2470,2
2634,8
2507,6
2859,5
2457,0
2447,0
2746,8
2867,1
2412,2
2258,2
2446,12
2313,0
2513,8
2416,0
2148,3
2660,0
2464,2
2433,0
2104,5
2561,11
2863,6
1975,41
2390,5
2798,0
2845,2
2157,6
2934,19
2519,0
2335,6
2278,2
2623,26
1953,2
2865,2
2329,21
2586,0
2892,26
2069,11
2263,11
2570,7
2685,11
2555,0
2020,2
2511,8
2763,30
2911,38
2116,2
2702,2
2663,2
2948,7
2672,2
2675,2
1992,3
2805,21
1941,19
2111,2
2381,32
2243,1
2493,44
2759,31
2484,19
2565,0
1959,0
2695,2
2214,7
2250,6
2620,0
2839,0
2267,10
2393,0
2480,1
2204,2
2099,0
2699,25
2525,2
1989,6
2010,8
2800,2
2332,3
2454,19
2832,5
2432,6
2914,2
2885,11
2268,0
2068,9
2206,26
2031,6
2401,7
2305,10
2563,0
2814,16
2106,5
2462,20
2933,6
2584,0
2853,11
1960,6
2295,26
2397,6
2138,6
2872,21
2084,0
2897,3
2220,8
2653,2
2052,2
1999,0
2926,10
2165,10
2704,2
2117,0
2779,1
2967,36
2236,0
2959,10
2494,8
2713,24
2792,7
2758,0
2007,2
2430,10
2667,2
2392,8
2970,32
2686,0
2870,20
2840,2
2238,26
1977,0
2012,2
2374,10
2923,0
2537,7
2414,31
2294,2
2167,0
2403,0
2597,10
2920,40
2363,2
2656,9
2549,0
2652,8
2802,2
2756,6
2096,6
2299,16
2365,6
2856,11
2342,8
1943,10
2611,10
2234,20
2661,11
2203,16
2277,0
2770,3
2722,0
2574,6
2244,26
2105,16
2386,26
2347,16
2609,8
2625,8
2729,100
2189,26
2270,0
2945,8
2964,10
2487,26
2151,32
2830,101
2319,2
2874,9
2461,54
2638,0
2682,10
1955,0
2680,32
2211,6
2009,0
2227,2
2070,32
2532,2
2078,3
2024,2
2036,0
2783,10
2120,11
2028,0
2944,0
2849,1
2233,2
2428,11
2059,5
2654,0
2940,6
1950,8
2458,2
2030,7
2709,1
2701,2
2690,8
2404,23
2044,0
2562,0
2345,2
2273,10
2208,8
1949,8
2080,8
2092,8
2810,2
2304,6
2790,5
2495,0
2740,2
2595,10
2744,8
2119,2
2488,7
2156,7
2826,0
2142,2
1970,6
2692,7
2781,25
2001,0
2064,0
2348,11
2289,0
2502,19
2190,0
1993,6
2373,18
2254,0
2288,100
2809,7
2890,7
2126,5
2272,10
2316,25
2253,2
2703,8
2047,0
2534,6
2777,2
2891,2
2185,102
2835,16
2647,2
2378,26
2153,6
2765,10
2413,11
2618,0
2732,10
2939,7
2769,27
2215,0
2409,0
2946,19
2463,94
2718,0
2079,8
2752,24
2818,8
2311,2
2307,0
1966,10
2018,8
2679,103
2121,26
2159,8
2346,5
2339,5
2269,0
2420,11
2535,5
2707,5
2904,23
2027,8
2210,3
2297,0
2427,2
2550,2
2723,23
2755,7
2177,6
2736,0
2751,0
2772,3
2256,0
2743,2
1944,0
2568,10
2521,6
2591,7
2351,2
2140,10
2500,23
2876,6
2734,19
2301,8
2252,0
2917,16
2614,8
2219,2
2473,0
2739,2
2369,8
2086,2
2855,19
2118,5
2601,19
2930,10
2671,1
2247,1
2605,26
2343,0
2524,16
2448,0
2207,8
1983,24
2631,5
2124,59
2905,30
2063,0
2422,2
2125,0
1997,2
2871,9
2728,0
2569,0
2265,0
2327,0
2862,16
2588,9
2341,8
2107,2
2406,8
2583,28
1971,8
2938,8
2626,7
2516,0
2399,0
2382,20
2337,22
2356,5
2518,94
2302,6
2200,6
2893,2
2162,8
2737,11
2255,0
2242,8
2801,3
2396,1
2517,8
2232,2
2362,0
2788,2
2350,36
2664,19
2628,11
2747,8
2842,6
1981,8
2529,2
2741,104
2034,11
2693,32
2694,10
2632,7
2913,0
2499,0
1951,20
2097,11
2536,0
2852,26
2408,5
1948,0
2908,0
2924,8
2896,20
2147,2
2439,5
1979,0
2380,8
2888,7
2764,8
2633,19
2613,10
2022,2
2418,10
2066,8
2767,8
2681,0
2035,2
2065,0
2641,2
2589,2
2947,10
2877,0
2441,0
2515,2
2352,1
2262,26
2292,105
2039,8
2415,8
2581,2
1991,0
2331,32
2087,3
1968,0
2878,2
2668,8
2738,26
2336,2
2882,24
2848,2
2799,2
2033,2
2398,6
2323,2
2139,2
2282,106
2657,8
2791,8
2577,19
2624,8
2280,0
2919,11
2188,2
2251,20
2226,2
2587,1
2748,2
2423,107
2539,0
2636,5
2869,11
2576,0
2837,20
2528,57
2042,6
2187,5
2762,2
2067,2
2364,0
2308,34
2054,0
2698,13
2497,6
2658,2
2344,11
2186,28
2235,6
2366,8
1982,5
2655,11
2175,8
2437,21
2195,2
2496,2
2372,8
2286,7
2137,5
2674,8
2154,8
2705,5
2284,0
2887,9
2310,2
2910,2
2504,8
2593,11
2925,5
2621,21
2389,5
2807,0
2902,0
2193,36
2879,26
2264,0
2957,32
2429,8
2130,19
2757,10
2573,8
2108,0
2371,0
2271,2
2051,0
2482,8
2582,2
2931,5
2558,16
2459,26
2831,3
2460,20
2360,0
2202,41
2046,26
2712,11
2014,5
2089,26
2101,2
2359,14
2259,6
2384,6
2239,19
2171,28
2481,2
2643,0
2958,0
2434,19
2150,0
2778,2
2530,9
2669,57
2598,14
2110,2
2090,0
2544,11
2720,13
2775,10
2823,2
2368,0
1973,0
2644,26
2045,8
2846,2
2950,2
2776,2
2972,0
2928,2
2841,26
2198,10
2419,16
2659,24
2455,2
2968,2
2006,8
2041,1
2475,10
1987,2
2559,1
2508,30
2903,0
2221,10
2820,2
2011,0
2340,35
2281,6
2889,6
2091,8
3749,7
3450,0
3187,5
3013,66
3376,8
3946,32
3477,16
3078,8
2983,2
3316,6
3616,9
3787,29
2977,20
3202,16
3886,2
3801,0
3575,2
3135,5
3714,0
3920,2
3725,32
3173,8
3545,3
3103,0
3646,12
3075,11
3600,26
3710,19
3162,0
3554,2
3418,2
3891,2
3140,9
3353,8
3485,6
3416,5
3840,0
3320,8
3790,23
3773,3
3431,12
3002,5
3136,0
3493,2
3338,26
3401,32
3663,8
3050,2
3763,21
3925,2
3132,17
3096,0
3507,26
3897,32
3650,2
3025,55
2996,0
3458,2
3675,0
3091,5
3746,16
3578,26
3071,0
3312,3
3596,10
3528,8
3427,2
3783,0
3249,0
3872,46
3361,6
3422,14
3311,2
3621,2
3504,2
3281,8
3438,16
3299,6
3696,2
3730,108
3631,0
3420,2
3747,11
3261,1
3799,98
3218,0
3915,10
3929,8
3174,0
3193,16
3588,2
3196,26
3809,2
3322,8
3533,2
3808,2
3562,0
3715,3
3022,7
3114,20
3371,6
3889,10
3654,3
3774,13
3349,1
3290,0
2982,19
3658,0
3329,0
3851,2
3260,2
2975,8
3662,0
3822,10
3704,10
3900,8
3565,16
3440,21
3037,0
3324,7
3176,0
3262,20
3131,8
3229,2
3921,11
3340,2
3673,8
3306,12
3363,3
3640,6
3884,2
3369,6
3368,109
3468,2
3718,2
3183,3
3448,0
3597,32
3118,8
3242,0
3298,10
3529,3
3487,11
3197,26
3937,8
3258,3
3664,10
3693,11
3359,2
3690,39
3776,26
3384,2
3608,2
3048,10
3816,12
3834,10
3609,0
3023,0
3491,5
3603,0
2974,30
3700,28
3666,74
3360,8
3888,5
2997,5
3642,8
3036,8
3345,0
3907,2
3018,82
3817,0
2991,0
3524,11
3534,5
3077,0
3698,10
3084,0
3667,0
3881,6
3325,36
3276,0
3768,20
3750,5
3830,32
3591,2
2973,13
3230,6
3382,6
3601,5
3630,23
3681,0
3709,110
3792,24
3777,23
3358,5
3272,2
3942,2
3040,23
3826,43
3323,32
3012,6
3791,43
3856,2
3169,3
3343,8
3775,11
3435,11
3300,6
3855,28
3824,24
3282,8
3116,111
3138,23
2992,0
3912,20
3204,2
3940,40
3443,11
3055,20
3557,0
3297,10
3510,2
3580,0
3492,47
3567,2
3375,2
3559,5
3439,20
3738,0
3514,26
3931,2
3166,11
3080,19
3051,6
3846,8
3703,0
3665,28
3797,9
3905,9
3512,0
3293,14
3184,6
3743,20
3199,8
3200,19
3411,9
3046,2
3904,19
3494,11
3465,9
3539,1
3890,2
2988,11
3030,6
3092,8
3113,2
3873,2
3066,5
3233,0
3540,6
3859,26
3271,0
3068,2
3434,2
3256,2
3928,112
3527,11
3592,1
3761,11
3757,30
3877,23
3394,26
3307,20
3303,0
3255,0
3671,5
3149,102
3205,9
3234,8
3101,2
3722,2
3254,8
3180,5
3146,0
3421,8
3355,8
3396,2
3745,10
3447,11
3391,1
3812,16
3428,2
3059,0
3950,2
3107,0
3735,8
3017,8
3619,61
3010,9
3732,19
3331,8
3364,2
3112,0
3011,8
3464,6
3346,8
3402,8
3936,21
3250,2
3495,5
3869,2
3689,8
3049,0
3315,1
3811,0
3289,0
3181,2
3108,2
2987,0
3236,11
3513,0
3444,26
3771,16
3480,2
3405,6
2978,2
3471,1
3858,0
3151,0
3456,26
3085,0
3469,0
3449,0
3478,19
3170,0
3429,8
3374,5
3713,19
3021,8
3847,0
3474,8
3410,10
3074,0
3515,0
3207,0
3544,2
3164,0
3926,10
3672,10
3039,2
3154,6
3424,16
3586,8
3602,8
3680,8
3941,2
3553,5
3105,0
3679,8
3893,23
3861,2
3579,9
3190,8
3302,32
3887,6
3827,113
3336,3
3239,8
3819,2
3538,2
3219,5
3019,20
2993,23
3093,1
3708,0
3350,2
3192,3
3223,0
3201,0
3045,3
3924,3
3705,29
3128,8
3110,8
3123,6
3472,6
3901,0
3728,2
3381,9
3876,26
3481,3
3560,17
3519,8
3569,6
3836,71
3191,8
3509,26
3413,32
3549,6
3835,6
3938,2
3612,20
3502,10
3246,2
3760,8
3253,0
3117,5
3389,5
3585,21
3288,2
3733,114
3004,0
3284,14
3516,0
3844,0
3310,0
3351,16
3470,7
3892,2
2985,0
3741,20
3645,74
3308,0
3466,21
3862,32
3285,2
3378,10
3651,1
3802,10
3226,0
3352,0
3486,2
3765,36
3788,10
3388,6
3863,2
3628,32
3584,0
3896,2
3026,0
3095,11
3793,30
3489,8
3617,5
3241,26
3231,10
3145,6
3778,19
3623,8
3697,115
3626,7
3264,2
3848,57
3212,6
3463,44
3622,32
3377,11
3313,8
3006,0
3252,10
3692,6
3794,2
3720,55
3857,20
3951,11
3804,2
3670,8
3333,12
3825,7
3367,0
3387,11
3501,2
3098,66
3348,19
3949,8
3918,3
3001,0
3139,0
3442,2
3115,20
3823,8
3842,25
3702,32
3216,8
3287,0
3625,2
3818,2
3660,21
3636,0
3695,9
3520,11
3930,0
3543,8
3168,9
3455,26
3885,116
3511,8
3574,34
3053,0
3910,3
3682,0
2976,2
3742,0
3577,1
3561,10
3866,0
3657,6
3415,0
3395,0
3843,26
3810,23
3548,6
3432,6
3130,5
3076,0
3121,8
3934,32
3798,29
3459,36
3687,113
3865,11
3390,27
3419,16
3362,6
3537,8
3028,6
3587,0
3309,2
3647,20
3784,21
3721,16
3238,26
3484,8
3366,26
3126,3
3147,8
3215,0
3157,6
3224,10
3770,8
2981,20
3150,6
9915,14
3542,19
2979,0
3815,8
3739,20
3211,11
3634,2
3676,3
3177,0
3736,0
3445,10
3503,21
3806,11
3767,8
3141,2
3573,0
3058,19
3582,8
3903,76
3909,12
3649,11
3061,3
3751,19
3414,7
3483,0
3356,0
3090,3
3357,11
3488,3
3590,0
3752,3
3796,10
3148,16
3748,2
3279,0
3563,5
3958,19
3526,2
3898,4
3737,7
3564,17
3786,13
3099,8
3167,10
3641,8
3795,34
3803,32
3454,6
3805,26
3878,7
3769,80
3186,20
3558,2
3404,2
3933,2
3531,2
3185,0
3100,8
3880,5
3133,6
3005,20
3334,32
3189,5
3711,20
3952,117
3475,8
2986,4
3203,8
3947,20
3243,2
3535,0
3908,0
3056,0
3175,10
3644,5
3373,11
3618,10
3044,0
3003,0
3000,96
3097,8
3754,6
3386,10
3399,8
3756,19
3955,0
3922,41
3828,79
3525,8
3134,6
3568,7
3425,3
3629,11
3674,0
3153,16
3171,1
3727,6
3412,6
3137,0
3143,26
3677,2
3278,20
3033,6
3595,0
3257,6
3914,0
3724,0
3669,7
3837,0
3694,0
3624,32
3589,9
3686,60
3072,11
3426,0
3871,92
3124,6
3716,23
3734,8
3102,0
3408,26
3335,0
3661,0
3717,0
3572,5
3210,1
3691,118
3653,0
3829,0
3160,32
3895,8
3782,32
3850,7
3789,0
3274,7
3041,0
3245,7
3932,20
3668,33
3441,9
3927,0
3639,6
3291,12
3265,0
3354,11
3814,6
3372,1
3648,0
3496,5
3057,0
3831,47
3506,0
3073,36
3407,20
3766,0
3723,7
3081,0
3594,32
3330,0
3317,6
3318,2
3550,8
3273,2
3919,6
3305,1
3566,20
3604,26
3152,28
2998,1
3571,2
3064,8
3879,26
3342,0
3365,0
3956,0
3277,2
3772,32
3339,11
3129,6
3062,6
3523,32
3800,8
3209,0
3060,9
3437,26
3482,2
3347,0
3222,32
3286,19
3446,2
3807,20
3206,20
3944,7
3344,2
3406,14
3699,28
3633,44
3259,44
3270,0
3380,0
3067,11
3864,8
3194,5
3532,0
3498,11
3027,0
3054,6
3945,2
3953,2
3576,3
3326,32
3541,35
3637,0
3606,2
3683,5
3423,8
3321,5
3762,8
3328,11
3499,8
3860,10
3065,10
3009,2
3785,10
3726,8
3263,7
3155,10
3244,3
3508,0
3518,8
3917,28
3251,6
3314,35
3707,0
3301,17
3240,9
3266,29
3370,2
3583,0
3436,6
3451,5
3581,58
3627,6
3142,0
3614,11
3685,8
3611,39
3500,0
3047,8
3172,2
3083,8
3712,20
3943,7
3521,6
3849,10
3551,30
3283,2
3522,10
3106,0
3610,0
3332,11
3341,0
3635,22
3104,0
3744,10
3319,10
3902,3
3020,0
3706,3
3159,2
3031,2
3069,119
3052,20
3845,0
2989,6
3678,0
3086,29
3701,23
3016,0
3779,6
3280,2
3759,10
3275,0
3393,35
3179,6
3659,16
3688,5
3755,0
3070,2
3248,6
3182,1
3161,0
3165,2
3820,2
3385,2
2990,0
3392,26
3228,8
3267,0
3479,10
3088,26
3292,120
3158,8
3195,8
3294,8
3094,8
3409,23
2994,8
3764,2
3433,0
3853,0
3939,6
3821,2
3833,121
3729,10
3598,13
3599,7
3959,32
3854,0
3556,8
3911,6
3247,16
3874,29
3400,2
3122,8
3038,26
3014,8
3111,11
3906,11
3089,8
3397,0
3178,10
3530,8
3109,20
3547,8
3875,8
3457,5
3882,11
3546,6
3268,23
2995,0
3948,10
3731,8
3655,1
3120,23
3894,2
3899,2
3383,5
3461,26
3780,96
3852,7
3923,2
3327,16
3867,2
3269,60
3620,16
3638,5
3198,8
3452,3
3214,0
3127,2
3813,35
3916,2
3913,0
3015,0
3379,26
3954,35
3007,8
3841,2
3781,0
3740,16
3473,26
3417,0
3832,47
3125,0
3042,36
3024,8
3337,10
3296,0
2980,26
3063,0
3460,7
3505,11
3652,0
3232,0
3615,8
3593,0
3163,9
3643,13
3225,11
3295,5
3552,0
3430,1
3868,32
3957,3
3935,0
3605,9
3032,20
3839,10
3555,11
3034,0
3870,8
3462,6
3536,0
3497,5
3119,122
3403,8
3029,11
3607,0
3237,0
3684,0
3719,35
3220,5
3008,0
3213,6
3304,28
3144,6
2984,6
3490,5
3035,5
3221,8
3156,11
3883,24
3079,6
3517,0
3838,36
3043,0
3227,6
3217,32
3082,8
3398,59
3453,0
3467,11
3208,7
3476,11
3087,2
3235,1
3632,0
3613,7
3758,0
3656,2
3188,0
2999,6
3753,6
3570,0
4736,10
4481,8
4552,16
4480,6
4696,20
4599,10
4026,8
4293,16
4321,9
4905,2
4649,2
4526,2
4698,41
3983,19
4464,33
4589,5
4193,7
4616,8
4386,2
4612,8
4153,0
4660,26
4477,11
4058,0
4343,32
4208,8
4357,11
4223,2
4070,0
4347,11
4226,8
4484,10
4073,8
4409,2
4428,30
4724,8
4202,8
4498,5
4025,8
4574,91
4243,2
4258,0
4689,26
4205,10
4644,19
4459,8
4337,3
4837,0
4181,6
4817,0
4542,7
4704,2
4656,6
4505,8
4453,23
4914,0
4441,8
4172,10
4261,11
4317,0
4822,28
4811,2
4330,0
4412,2
4141,10
4159,6
4664,10
4715,0
4740,20
4883,19
4513,8
4298,66
4497,0
3986,0
4673,32
4283,9
4415,2
4474,0
4379,16
4078,32
3965,26
4646,8
4282,32
4175,23
4628,8
4518,0
4299,2
4769,9
4220,2
4309,3
4692,26
4416,20
4939,0
4027,0
4145,0
4861,0
4387,95
4527,0
4733,6
4945,23
4320,26
4721,20
4813,0
4744,5
4292,2
4199,26
4694,10
4779,13
4488,0
4621,5
4454,20
4511,20
4426,0
4729,8
4461,7
4924,7
4823,2
4335,6
4756,6
4560,8
4587,41
4919,0
4218,6
4029,2
4051,0
4588,28
4799,2
4369,8
4760,30
4785,10
4074,0
4392,8
4485,0
4670,5
4921,2
4564,7
4685,123
4908,8
4533,2
4489,16
4001,10
4667,8
4759,25
4844,0
4719,12
4194,2
4448,16
4356,26
4053,0
4509,5
4655,11
4103,6
4557,0
4938,8
4370,8
4355,0
4047,0
4816,2
4018,6
4635,0
4742,94
4622,7
4680,0
4314,8
4227,0
4041,11
3992,6
4433,2
4771,6
4925,124
4894,66
4923,8
4195,36
4531,35
4819,19
4611,26
4138,20
4460,26
4514,8
4798,0
4860,2
4504,55
4699,0
4405,0
4926,0
4777,23
4123,106
4179,0
4134,8
4140,7
4289,0
4008,20
4746,84
4210,5
4371,39
4541,8
4229,0
4478,0
4012,6
4284,23
4763,10
4818,9
4187,2
4636,0
4351,6
4492,10
4091,0
4281,0
4592,2
4615,8
4108,0
4803,2
4918,0
4793,1
4087,0
4732,8
4234,6
4398,0
4322,3
4517,2
4231,2
4137,7
4755,48
4900,2
4618,2
4851,27
4273,2
4167,16
4440,23
4264,11
4449,20
4150,0
4180,8
3971,0
4761,0
4036,2
4495,8
4009,2
4378,8
4213,0
4626,2
4904,8
4445,6
4399,32
4748,32
4594,11
4602,6
4530,0
4200,7
4606,8
4217,3
4338,23
4100,8
4479,8
4858,32
4604,6
4272,26
4789,6
4886,11
4784,61
4232,8
4253,8
3995,0
4927,0
4406,8
4792,3
4110,0
4033,8
4476,80
4348,0
4902,6
4209,8
4244,11
4603,2
4285,2
4773,8
4810,2
4469,0
4584,8
4414,2
4307,0
4451,26
4814,6
4163,1
4275,5
4809,10
4185,8
4559,7
4915,8
4683,0
4619,8
4423,1
3993,6
4278,6
4240,23
4430,11
4614,125
4346,11
4079,2
4049,2
4177,8
4590,2
4873,7
4106,5
4658,11
4678,26
4287,5
4472,32
4332,5
4946,8
4249,1
4043,2
4030,20
4233,8
4752,10
4546,8
4899,32
4720,8
3984,0
4821,3
4367,86
3970,0
4410,24
4117,33
4473,0
4781,32
4545,2
4928,32
4144,5
4032,8
4129,19
4634,2
4007,1
4143,11
4877,11
4906,2
4152,20
4937,19
4617,0
4879,0
4353,9
4896,19
4786,32
4470,26
4186,26
4028,20
4804,0
4128,0
4910,8
4076,19
4595,16
4608,8
4850,3
4080,2
3985,8
4339,8
4377,2
4662,0
4738,3
4726,16
4162,5
4882,126
4776,5
4191,3
4805,2
4862,1
3960,11
4268,32
3998,0
4093,16
4838,2
4936,20
4870,11
4413,0
4539,11
4360,7
4201,8
4420,5
3966,8
4691,2
3978,8
4328,0
4270,2
4126,127
4940,2
4852,8
4016,8
4130,19
4922,8
4903,0
4107,8
4535,2
4256,19
4830,2
4510,16
4849,3
4365,8
4840,0
4206,0
4042,2
4672,0
4583,26
4236,0
4344,3
4354,6
4368,26
4483,44
4920,5
4666,8
4887,6
4466,2
3972,10
4916,20
4323,0
4160,26
4808,10
4099,0
4831,0
4071,2
4136,0
3999,8
4165,0
4083,0
4085,5
4747,0
4350,7
4743,2
3976,0
4148,0
4534,2
4023,0
4147,128
4859,3
4146,2
4421,8
4463,20
4631,10
4228,16
4652,13
4529,0
4866,32
4801,49
4408,8
4182,8
4061,5
4537,0
4465,24
4865,0
4947,13
4082,2
4558,1
4943,6
4802,2
4269,8
4868,2
4550,76
4503,11
4434,23
4358,0
3979,6
4084,7
3967,8
4697,6
4391,0
4688,7
4183,6
4681,5
4500,26
4605,2
4654,0
4364,7
4190,2
4384,0
4006,6
4238,8
4853,8
4214,2
4609,0
4254,39
4411,7
4553,11
4677,0
4593,0
3968,0
4775,0
4102,20
4639,11
4864,8
4118,0
4166,16
4515,2
4731,47
4189,0
4702,5
4046,0
4468,8
4735,35
4431,25
4598,2
4889,10
4382,8
4109,0
4783,0
4425,23
4019,8
4381,16
4521,1
4212,0
4295,8
4022,0
4572,5
4806,0
4554,2
4563,9
4424,10
4780,19
4579,2
4797,26
4072,8
4034,11
4627,0
4442,0
4173,3
4913,7
4878,14
4422,0
4054,16
4048,0
4057,8
4184,0
4538,1
4708,0
4795,61
4427,16
4570,23
4800,2
4573,26
4352,0
4679,8
4519,7
4758,32
4839,6
4727,2
4308,16
4832,0
4820,32
4111,20
4112,0
4522,0
4059,2
4543,8
4629,0
4536,2
4659,26
3991,6
4375,6
4178,19
4385,5
4176,6
4393,3
4274,11
4066,2
4045,6
4245,0
4312,17
4242,5
4716,20
4638,8
4897,16
4400,0
4767,19
4222,0
4642,2
4131,6
4671,11
4676,7
4665,19
4647,2
3962,0
3989,0
4684,23
4713,5
4600,3
4723,2
4407,11
4709,8
4196,0
4888,0
4661,21
4944,0
4872,10
4271,22
4854,8
4754,2
4571,8
4037,26
4171,0
4419,11
4827,11
4669,0
4544,10
4203,6
4248,8
4718,2
4341,0
4390,19
4277,8
4597,10
4334,80
4315,2
4259,16
4580,8
4397,2
4907,32
4363,2
4787,129
4766,26
4561,11
4623,0
4003,8
4722,10
3961,0
4132,10
4164,5
4417,50
4475,0
4101,23
4055,23
4491,0
4361,19
4198,0
4791,32
4149,6
3981,16
4581,11
4170,5
4710,3
4507,19
4486,10
4349,6
4296,3
4788,1
4156,0
4845,6
4291,5
4880,0
4933,10
4613,2
4114,11
4077,5
4585,8
4750,35
4086,0
4932,6
4000,2
4624,0
4279,9
4329,5
4010,8
4095,20
4120,9
4774,10
4745,8
4127,0
4300,2
4098,0
4157,10
4174,11
4124,0
4648,0
4311,9
4255,2
4290,35
4651,2
4366,8
4508,23
4768,2
3980,2
4135,8
4404,8
4418,7
4044,8
4168,25
4828,10
4917,42
4841,8
4090,8
4310,2
4115,8
4757,3
4455,10
4011,8
4158,6
4846,130
4675,9
4056,2
4169,3
4610,20
4327,131
4577,0
4547,6
4188,5
4325,6
4241,11
4246,2
4895,2
4532,8
4929,26
4890,11
3975,20
4586,5
4941,132
4693,25
4512,9
4836,20
3987,6
3994,2
4686,0
4847,8
4005,2
4458,2
4540,28
4251,8
4653,8
4429,0
4569,6
4092,8
4501,55
4401,0
4014,8
4663,2
4038,6
4065,2
4516,2
4192,133
4263,2
4197,5
4762,2
4224,5
4063,0
4874,26
4682,2
4734,2
4450,62
4017,8
4934,28
4499,11
4215,6
4438,8
3988,8
4437,0
4456,8
4891,10
4502,36
4257,0
4021,8
4867,0
4568,8
4815,8
4089,20
4439,6
4064,10
4835,0
4088,2
3977,0
4288,6
4935,11
4211,12
4885,2
4829,102
4876,2
4462,6
4039,2
4015,0
4620,19
4782,7
4884,11
4632,2
4930,11
4770,8
4701,26
4892,91
4154,2
4081,0
4266,5
4020,11
4695,2
4493,2
4122,0
4871,9
4700,2
4394,26
4643,6
4575,6
4548,23
4772,5
4567,2
4576,10
4556,8
4601,8
4625,3
4712,11
4714,7
4040,2
4237,8
4151,2
4389,19
4630,9
3982,0
4133,0
4824,5
4068,2
4549,32
4826,28
4457,6
4280,23
4482,3
4125,0
4024,0
4596,0
4069,6
4060,0
4305,21
4252,16
4319,48
4668,3
3973,8
4373,134
4566,8
4490,13
4113,13
4494,16
4204,0
4265,16
3964,0
4764,16
4528,0
4471,26
4142,20
4825,23
4161,32
4848,8
4230,6
4374,26
4380,2
4250,2
4396,0
4436,27
4318,0
4104,0
4050,0
3990,3
4842,16
4403,2
4637,6
4523,0
4119,0
4207,3
4316,8
4342,0
4942,8
4650,32
4524,26
4707,8
4833,2
4013,8
4856,51
4286,5
4262,2
4336,10
4155,8
4383,7
4725,0
4331,2
3969,32
4139,0
4706,6
4324,11
4372,32
4004,2
4520,0
4345,20
4388,3
4301,5
3963,0
4863,7
4276,0
4443,10
3997,9
4097,10
4525,5
4687,12
4121,6
4869,1
4447,8
3974,20
4641,10
4645,16
4881,8
4340,8
3996,0
4741,2
4446,5
4313,2
4359,0
4116,21
4640,94
4487,0
4326,2
4790,26
4901,23
4705,20
4297,2
4834,8
4035,8
4857,26
4402,8
4893,2
4911,8
4096,2
4452,0
4749,0
4052,8
4778,33
4739,0
4304,2
4432,8
4395,2
4239,9
4674,19
4565,0
4062,6
4703,16
4582,10
4362,5
4591,8
4551,0
4467,27
4717,0
4235,33
4728,135
4737,3
4657,7
4912,0
4376,0
4711,2
4555,6
4219,1
4562,26
4294,0
4812,134
4267,6
4807,26
4435,0
4303,0
4875,2
4333,8
4444,5
4843,8
4690,11
4247,0
4753,8
4751,11
4931,0
4633,0
4216,8
4909,8
4306,26
4794,0
4067,6
4221,2
4496,2
4225,19
4765,8
4578,6
4730,20
4075,8
4002,136
4094,6
4031,0
4105,0
4302,14
4796,5
4855,131
4607,8
4898,8
4260,11
4506,25
5005,6
5242,11
5269,10
5125,2
5090,26
5480,10
5067,11
5351,0
5573,0
5344,31
5035,8
5281,0
5422,0
5909,19
5080,39
5652,2
5111,0
5561,0
5765,2
5873,2
5200,8
5789,5
5216,8
5724,3
5238,0
5133,24
5385,0
5364,2
4984,0
5303,2
5662,0
5654,7
5510,0
5102,2
5138,16
5298,7
5680,2
5356,8
5706,137
5321,6
5862,2
5273,0
5440,20
5490,8
5343,19
5236,16
5302,0
5757,8
5199,8
5770,2
5769,0
5144,0
5362,3
5713,8
5425,10
5009,0
5158,71
5274,3
5900,1
4988,0
5847,0
5738,0
5077,2
5642,78
5484,11
5839,5
5292,9
5858,3
5518,11
5528,16
5760,29
5555,2
5162,9
5709,32
5515,1
5799,7
5535,0
5069,0
5374,7
5791,28
5112,0
4991,2
5502,8
5377,2
5891,2
5603,10
5905,80
5487,7
5115,32
4968,36
5804,2
5184,2
5845,94
5637,2
5169,0
5056,0
5010,8
5881,10
5038,11
4956,6
5478,2
5725,74
5072,26
5899,8
5042,8
5181,11
5452,0
5651,10
5614,0
5683,2
5827,2
5583,8
5763,8
5784,2
5782,2
5501,7
5153,5
5752,12
5768,36
5335,66
5013,6
5548,39
5795,2
5753,2
5589,26
5119,10
4997,26
5655,26
5810,10
5901,0
5638,6
5506,20
5617,5
5369,20
5524,8
5826,0
5505,8
5149,16
5002,0
5270,1
5608,7
5217,11
5166,0
5660,2
5852,8
5258,0
5180,2
5282,0
5086,0
5632,8
5241,0
5701,2
5050,10
5464,10
5078,8
5095,32
5723,5
5504,8
5894,54
5329,16
5151,8
5823,26
5762,5
5672,10
5398,24
5360,10
4998,2
5492,8
5893,1
5156,2
5896,10
5479,2
5526,8
5222,0
5604,0
5670,2
5391,11
5297,24
9916,0
5322,10
5366,2
5842,10
5815,8
5584,26
5855,0
5627,26
5228,0
5177,0
5758,8
5327,0
5728,10
5587,7
5390,10
5612,10
5761,2
5640,6
5556,9
5457,9
5167,26
5447,2
5388,0
5759,8
5904,0
5653,104
5695,2
5368,2
5545,0
5813,20
5467,8
5152,8
5544,11
5522,32
5636,19
5131,0
5427,10
5252,0
5307,31
5421,11
5237,2
5049,8
5301,2
5553,0
5850,17
5508,83
5196,8
5075,2
5631,0
5098,0
5160,16
5887,0
5106,6
5580,0
5312,28
5737,6
5117,11
5571,61
5393,13
5432,8
5739,8
5248,20
5543,7
5405,2
5048,8
5649,6
5461,8
5243,5
5708,32
5107,2
5068,0
5864,26
5225,8
5409,8
5775,0
5730,8
5772,8
5623,13
5888,0
5767,0
5154,8
5693,8
5550,2
5797,8
5202,8
5859,0
4965,11
5534,2
5289,94
5869,2
5150,0
5345,0
5729,35
5100,8
5794,8
5563,10
5008,8
5134,26
5750,20
5124,26
5746,13
5872,2
5586,19
5113,8
5634,32
5539,2
5029,3
5885,6
5800,44
5420,2
5468,0
5250,8
5135,0
5142,17
5806,20
5809,23
4999,6
5198,5
5039,32
5626,2
5828,98
5736,3
5892,9
5567,26
5025,0
5546,8
5189,0
5481,3
5147,6
5341,6
4964,0
5206,5
5491,0
4986,6
5754,21
5064,0
4973,0
5830,5
5661,5
5003,2
5531,2
5665,20
5699,16
5012,2
5646,11
5874,2
5643,1
5370,11
5062,16
5325,2
5593,105
5668,1
5231,6
5379,5
5856,8
5061,5
5558,6
4962,32
5717,7
5268,10
5332,2
5011,8
5148,0
5052,2
5886,93
5208,0
5733,8
5426,6
5902,0
5082,19
5395,6
5323,6
5428,0
5416,11
5163,0
5093,0
5022,8
5211,20
5359,0
5685,30
5130,0
5383,5
5690,6
5392,8
5488,8
5565,0
5625,138
5267,32
5328,8
4989,6
5214,0
5790,0
5183,0
5220,23
5315,6
5781,8
5633,2
5679,8
5630,0
5485,30
4990,9
5676,7
5264,0
5591,0
5578,8
5334,2
5749,6
5195,26
5554,0
5681,8
5319,0
5024,0
4974,8
5722,0
5108,0
5347,11
5711,11
5860,11
5272,16
5092,8
5908,0
5219,16
5397,0
5513,6
5657,0
5357,85
5041,1
5594,0
5026,8
5122,8
5000,0
5547,26
5423,2
5178,139
5406,0
5030,0
5437,0
5579,66
5673,11
5610,10
5814,0
5036,8
5456,0
5021,7
5367,13
5560,0
5853,0
5671,7
4979,0
5533,8
5088,2
5786,0
5460,6
5185,8
5311,0
5140,10
5498,7
5805,9
5514,16
5318,0
5309,20
5293,2
5033,11
5825,2
5446,2
5455,0
4948,0
5707,2
9917,26
5190,0
5091,16
5848,6
5700,6
5089,2
5495,0
5275,11
5014,0
5294,2
5835,10
4959,8
5811,8
5734,26
5613,9
5128,6
5235,11
5338,2
5053,6
5817,0
5337,2
5588,14
5375,3
5849,9
5350,0
5557,8
5721,0
5871,2
5562,20
5365,7
5116,7
5650,19
5530,2
5157,6
5861,11
5609,11
5175,6
5058,0
5834,0
5300,0
5372,10
5863,2
5796,32
4980,20
5019,1
5380,2
5342,7
5346,10
5798,19
5812,0
5592,10
5465,8
5403,8
5120,0
5500,0
5910,10
5349,2
5044,0
5280,2
5727,2
5260,2
5726,0
5277,11
5176,26
5043,10
5590,5
5635,0
5371,7
5663,5
5647,6
5031,0
5691,0
5330,10
4996,5
5822,25
5326,0
5412,0
4952,0
5436,6
5741,8
5254,6
5316,8
5470,8
5851,40
5132,2
5868,20
5494,8
5023,24
5779,3
5569,31
5278,8
5261,54
5486,14
5597,2
5689,10
5121,0
5249,6
5879,0
4950,8
5780,8
5182,2
5097,6
5692,0
5389,8
5836,11
4978,0
5284,11
5442,0
5802,16
5084,6
5576,2
5020,8
5710,23
4957,8
5832,27
5104,2
5413,3
5599,0
5821,19
5071,0
5239,2
5596,2
5083,6
5313,10
5605,6
5841,106
4958,0
5136,11
4955,2
5674,74
5840,31
4966,7
5210,10
4976,0
5564,39
5192,0
5336,20
5748,2
5463,2
5006,0
5740,2
5472,11
5788,0
5063,6
5570,1
5415,98
5473,0
5028,20
5358,6
5476,9
5201,5
5123,0
5279,0
5004,8
4981,0
5618,0
5686,6
5687,32
5127,2
5399,11
4983,0
5705,2
5801,2
5439,2
5105,8
5667,10
5066,2
5601,2
5059,11
5055,0
5060,0
5598,98
5611,2
5310,2
5306,8
5520,8
5308,2
5658,0
5317,10
5016,0
5139,20
5629,134
5703,26
5320,7
5882,2
5161,0
5218,140
5340,2
5527,5
5566,7
4970,5
5324,0
5103,23
5408,6
5854,26
4969,0
5720,0
5146,2
5540,8
5675,8
5246,28
5244,26
5363,14
5602,6
5816,5
5807,0
5793,16
5497,2
5483,6
5787,0
5129,0
5266,0
5209,2
5384,8
5704,141
5542,6
5912,29
5057,32
5831,0
5824,2
5521,0
5257,0
5352,1
5482,2
5401,6
5045,11
5441,5
5453,8
5143,2
5870,10
4951,50
5639,0
5843,2
5574,5
5179,0
5229,31
5776,0
5666,10
5226,7
5027,0
5287,0
5616,0
5410,2
5517,8
5215,16
5205,5
5471,8
5774,6
4985,3
5803,3
5047,0
5376,17
5145,8
4977,11
5607,10
5450,6
5407,1
5620,20
5477,8
4994,2
5173,3
5404,0
5532,11
5255,142
5697,11
5076,6
5644,2
5188,2
5276,0
5619,2
5431,2
5259,0
5577,2
5295,0
5348,2
5648,32
5387,32
5018,0
5339,8
5288,0
5114,0
5702,21
5118,32
5212,6
5386,6
5085,2
5001,8
9928,0
5582,2
5081,7
5070,2
5898,11
5037,102
5507,10
5621,2
5889,20
5354,0
5911,57
5568,10
5895,20
5747,2
5913,2
5451,143
4953,46
5087,0
5628,29
5240,11
5529,0
5884,0
5559,8
5469,0
5419,6
5541,7
5382,8
5696,11
5585,10
5677,2
5223,6
5903,8
5032,5
4963,6
5838,2
5263,0
5897,2
5743,7
4960,8
5575,2
5714,74
5034,2
5299,8
5857,8
5378,2
5595,7
5875,2
5785,26
5394,2
5656,19
5600,0
5641,2
5745,2
5193,0
5688,3
5466,20
5551,8
5159,16
5878,10
5474,2
5314,8
4971,0
5227,8
4987,8
5907,0
5171,8
5820,8
5731,8
5164,0
5007,0
5101,6
5622,16
5073,10
5203,0
5414,6
5880,26
5141,26
5110,8
5046,144
5512,19
5361,11
5449,2
5712,29
5581,24
5538,25
5191,2
4995,2
5536,21
5829,5
5207,1
5766,34
5015,11
5645,6
5099,0
5624,0
5664,0
5256,23
5462,7
5233,98
5606,13
5503,3
5234,8
5459,8
5400,11
5137,24
4949,10
5792,8
5808,8
5525,26
5054,0
5846,6
5417,8
5265,10
5402,6
5448,3
5454,5
5396,8
4954,0
5230,8
5251,5
5333,32
5170,8
4972,0
5865,27
5732,7
5221,23
5499,11
5445,2
5890,2
5698,8
5435,2
5187,19
5615,5
5493,3
5411,20
5305,0
4961,0
5694,0
5253,7
5883,16
5291,5
5833,2
5756,16
5777,10
5866,0
5331,3
5197,0
5418,8
5438,44
5837,28
5659,10
5040,11
5262,6
5174,6
5458,0
5017,10
4982,0
5755,24
5434,5
5496,5
5213,2
5247,8
5353,36
5245,9
5443,2
5304,8
5373,6
5204,0
5424,16
5271,11
5516,2
5285,0
5549,5
5844,32
5194,32
5286,0
5096,0
5079,32
5572,9
4992,0
5074,0
5718,3
5224,19
5876,6
5155,0
5678,145
5172,24
5552,8
5296,0
4993,0
5444,11
5715,2
5168,0
5719,26
5778,146
5381,8
5429,10
5109,11
5094,2
5355,31
5764,10
5126,16
5818,6
5232,2
5771,57
5735,2
5433,2
5669,8
5537,8
5716,35
5906,10
5783,2
5475,2
5051,2
5684,2
5819,2
5065,0
5867,2
5511,0
4967,14
5430,11
5283,0
5877,1
4975,8
5290,0
5489,26
5773,0
5742,16
5519,39
5509,7
5682,19
5744,3
5186,0
5165,0
5523,11
5751,32
6459,5
6560,2
6591,2
6751,14
6609,8
5925,23
6292,20
6327,8
6098,19
6152,8
6593,10
6337,2
6367,8
6670,0
6851,0
6897,2
6607,0
6734,2
6189,8
6245,0
6564,7
6497,2
6576,3
6304,0
5967,0
6467,36
6598,26
6775,23
6055,1
6150,9
6317,16
6289,5
6516,0
6834,3
6254,10
6151,2
6878,0
6434,6
6214,5
5944,20
6881,8
6567,28
6496,8
6525,5
6101,0
6051,11
6768,10
6611,11
6261,2
6870,0
6155,5
6830,147
6520,5
6508,8
6366,8
6713,32
6501,0
6879,10
6387,0
6616,2
6695,19
6411,2
6542,14
6148,11
6545,11
6275,8
6108,6
6794,0
6537,0
6510,0
6000,0
6093,5
6861,3
6330,8
6473,8
5973,2
6577,0
6584,5
6437,0
5918,12
6404,8
6731,29
5962,8
6127,2
6848,19
6433,0
6737,2
6402,2
6047,8
6079,2
6356,11
6215,2
6229,9
6804,1
6816,3
6587,10
6136,22
6792,0
6694,3
6138,5
6386,0
5980,0
6763,2
6452,26
6717,30
6307,8
6750,6
6049,0
6629,2
5978,10
6505,8
6753,19
6280,2
6906,2
6633,14
6154,16
6015,2
6678,0
6819,10
6480,7
5966,0
6619,2
6116,0
6805,2
6790,11
6600,6
6813,36
6128,6
6240,8
6558,5
6396,14
6526,8
6063,8
6712,2
6072,26
6205,36
5981,0
6075,8
6723,26
6403,0
6158,2
5919,8
6781,6
6314,8
6673,6
6883,6
6549,0
6048,1
6855,2
6323,26
6732,23
5988,6
6073,22
6664,1
6297,2
6259,6
6163,20
6361,8
6655,8
6194,2
6474,11
6513,2
6087,3
6488,94
5939,8
6882,6
5972,0
6376,8
6503,16
6446,26
6273,0
6358,20
6553,8
6003,0
6867,23
6822,0
5945,2
6009,2
6140,10
6571,11
6774,0
6709,2
6808,0
6911,8
6578,6
6828,2
6413,2
5942,0
6092,2
6388,10
5975,0
6096,8
5932,0
6518,39
6676,0
5930,6
6082,26
6137,2
6394,8
6262,2
6239,8
6589,18
6606,5
6785,0
6832,2
5993,23
6846,27
6890,10
5914,2
6509,10
6012,10
6022,0
6447,8
6121,0
6700,32
6736,1
5953,0
6378,0
6145,6
6691,2
6649,8
6468,8
6550,0
5968,9
5933,96
6507,0
6663,2
6515,26
5997,16
6249,2
6298,6
6648,5
6347,0
5999,0
6233,17
6682,31
6595,32
6204,0
6124,7
6324,20
6689,20
6707,5
6530,0
6362,131
6237,2
6256,8
5969,0
6889,26
6114,6
6296,0
6644,21
6802,0
6117,11
6620,26
6113,10
6472,2
6062,5
6393,0
6666,2
6032,3
6594,0
6773,4
6561,20
6632,19
6704,9
6634,2
6438,3
6281,2
6821,2
6511,8
6880,13
6448,0
6714,21
6131,6
6800,2
6833,3
6258,10
6025,6
5935,8
6854,5
6646,0
6184,43
5934,8
6119,8
6461,2
6786,0
6479,6
6559,2
6005,11
6837,148
6085,149
6795,2
6885,10
6789,18
6892,10
6574,0
6030,26
6408,27
6335,19
6660,0
6322,3
6758,8
6585,5
6368,21
6803,2
6242,3
6061,16
6328,20
6653,11
9919,13
5987,11
6028,6
5928,8
6539,5
6095,19
6902,8
6392,16
6397,5
6677,26
6091,0
6601,2
6017,2
6380,2
6340,0
6533,6
6826,10
5915,21
6749,11
6069,39
6167,2
6040,2
6696,3
6269,3
6699,8
6913,2
6875,32
6888,0
6203,8
6651,10
6900,0
6597,10
6220,27
6209,93
6916,19
6538,14
6798,8
6547,19
6570,23
6294,66
6647,19
6686,2
6899,2
6325,0
6188,2
5970,0
6859,2
6720,2
6728,0
6580,0
6603,32
5937,8
6745,8
6692,32
6842,6
6605,11
6705,8
6238,2
6471,19
5931,2
6102,0
5924,0
6385,8
6836,20
6769,2
6381,0
6675,20
6143,62
6762,29
6710,65
5984,0
6424,10
6674,0
6581,3
6260,10
6679,132
6041,7
6416,0
6752,5
5922,8
6428,6
6876,11
6160,0
6853,0
6045,6
5948,10
5926,0
6210,19
6868,2
6313,26
6440,2
6089,5
6287,26
6499,6
6222,10
6810,9
6654,2
6206,0
6864,0
6715,0
6551,2
6332,26
6767,2
6557,23
6353,6
6033,24
6858,2
6636,6
6284,34
6910,11
6706,3
6342,0
6784,8
6739,11
5998,0
5940,6
6212,150
6086,2
6321,2
6920,10
6583,3
6218,32
6531,2
6761,0
9920,11
6029,0
6076,5
6177,7
6528,0
6582,43
6198,0
6543,2
5964,10
6295,6
6787,5
6429,6
6764,8
5936,32
6202,6
6536,9
6126,23
6575,10
6253,0
5946,0
6107,32
6395,19
6349,7
6141,151
5920,11
6621,6
6426,8
6631,6
6535,0
6688,27
6208,8
6372,2
6153,0
6643,1
6462,66
6236,8
6064,7
6389,16
6475,2
6697,11
6852,6
6050,0
6442,27
6132,89
6801,8
6532,2
6247,8
6825,10
6110,0
6627,8
6524,48
6162,102
6845,7
6053,0
6831,10
6498,5
6820,0
6133,8
6903,0
6354,2
5947,2
6217,26
6918,2
6665,2
6357,8
6444,2
6860,0
6818,10
6168,8
6225,10
6146,0
6172,6
6540,6
6419,22
5957,0
6243,21
5979,122
6390,0
6579,3
6115,0
6546,0
6400,8
6007,20
6432,6
6410,20
6771,6
6201,16
5963,3
6618,0
6311,8
6862,2
6161,2
6905,49
6418,6
6067,11
6002,16
6407,26
6602,19
6285,8
6744,9
6352,5
5943,19
6291,1
6783,0
6319,28
6917,6
6441,19
6841,5
6104,0
6701,9
6568,8
6445,14
6652,16
5971,0
5996,8
6369,2
6423,10
5923,5
6807,32
6555,2
6439,152
6139,26
6383,38
5960,2
6268,8
6135,8
5929,5
6315,16
6199,17
6898,8
6305,2
6811,9
6351,0
6248,8
6517,0
5995,20
6894,0
6485,0
6164,8
6573,2
6006,0
6065,8
6097,8
6183,0
6370,2
6562,6
6726,6
6628,2
6090,0
6299,6
6310,7
6754,19
6024,0
5976,8
6708,2
6463,0
6422,1
6494,0
6791,9
5949,8
6793,2
6234,11
6718,19
6891,2
6382,8
6420,23
6224,6
6884,19
6650,2
6176,8
6157,0
6635,10
6122,11
5958,0
6364,20
6796,10
6391,43
6431,10
6492,26
6309,0
6186,8
6430,8
6896,7
6866,21
6373,2
6276,2
6077,8
6004,32
6037,0
6690,0
6552,2
6257,6
6454,26
6746,26
6484,3
6523,16
6529,24
6235,8
6023,0
6054,16
6129,0
5983,39
6244,5
6052,8
6519,11
6165,0
6554,10
6166,0
6374,6
6741,11
6641,2
6401,6
6590,32
6757,2
6684,3
6681,2
6010,6
6765,19
5961,0
6776,2
6919,19
6604,48
6111,10
5994,6
6074,11
6637,3
6043,0
6355,10
6742,7
6443,0
6134,21
6626,8
6293,2
5938,8
5951,0
6893,26
6912,6
6399,2
6384,2
6171,9
6548,6
6780,8
6500,2
6241,8
6502,41
6839,0
6178,16
6125,0
6363,8
6788,2
6341,150
6042,8
6642,6
6267,6
6457,8
6360,2
6228,2
6730,0
6623,6
6483,6
6272,8
6421,9
6013,3
6326,0
6592,2
6081,11
6797,2
6449,32
6213,13
6565,5
6743,0
6901,2
6661,2
6207,0
6120,3
6088,6
6847,0
6490,7
6173,2
6489,16
5956,12
6417,0
6359,6
5917,2
6586,0
6109,10
6527,2
6345,28
6066,6
6466,11
6175,6
6521,6
6409,8
6863,6
5992,40
6080,31
6657,6
6027,2
6334,0
5959,6
6405,1
6282,26
6563,2
6777,21
6838,24
6659,8
6219,19
6779,0
6687,0
6427,0
6277,32
6252,10
6719,19
6759,0
6142,8
6844,8
6170,8
6338,11
6343,5
5991,153
6320,6
6877,30
6083,6
6035,0
6478,8
6038,2
5954,0
6100,2
6614,11
6112,2
6130,6
6195,6
6814,23
6850,20
6333,16
6615,12
6290,0
6200,10
6059,0
6613,1
6722,87
6915,0
6192,2
6630,16
6869,0
6829,10
6451,2
6231,0
6123,2
6264,34
6812,23
6068,0
6216,8
6823,8
6907,26
6522,2
6809,8
6566,7
6316,1
6455,0
6727,2
6302,1
6512,12
6250,10
6596,6
6270,24
6084,0
6181,0
6300,19
6874,2
6020,20
6669,31
6226,0
6377,134
6865,6
6034,6
6460,8
6078,0
6824,10
6415,6
6406,6
6693,26
6782,7
6476,16
6008,10
6871,26
6147,11
6031,144
6702,8
6306,16
6019,0
6191,2
6365,12
6001,26
6105,2
5989,57
6187,0
6458,0
5974,26
6486,8
6026,2
6196,6
6118,11
6197,0
6339,0
6487,7
6778,2
6286,11
6099,0
6318,1
5941,23
6610,2
6230,20
6817,0
5927,2
6182,21
6450,13
6379,4
6556,2
6493,2
6895,2
6772,11
6185,2
6640,8
6514,7
6872,0
6481,10
6288,0
6456,7
6156,32
9918,2
6703,10
6599,21
6534,0
6873,8
6638,19
6815,5
6495,20
6011,17
6266,11
6344,32
6588,8
6843,29
6046,2
6398,5
5950,11
6667,10
6724,0
6612,2
6414,2
6477,10
6464,0
6103,2
6806,28
6740,16
6662,2
6312,5
6849,6
6159,8
6303,5
6274,0
6371,26
6211,5
6348,32
5990,0
6857,76
6504,2
6271,10
5985,6
6350,8
6799,2
6232,8
6301,8
6190,5
6251,10
6827,7
6435,20
6169,11
6914,8
6070,2
6639,1
6908,6
6039,6
6624,0
6729,61
6904,10
6622,20
6886,9
6060,0
6283,2
6747,51
5916,0
6057,0
6179,5
6278,0
6465,16
6748,0
6469,0
6193,0
6656,82
6756,32
6569,12
6263,2
6544,3
6617,5
6425,0
6014,2
6506,10
6436,16
6909,2
6572,2
6735,7
6453,6
6336,20
6346,2
6491,2
5982,12
6685,0
6058,0
6056,7
6016,0
6279,8
6645,10
6044,0
6733,8
6255,8
6716,8
6755,0
6221,10
5921,0
6149,0
6329,2
6180,10
5955,0
6711,0
6144,6
6625,8
5977,55
6856,0
6094,0
6840,14
6482,8
6246,8
6331,10
6412,5
6671,2
6174,0
6680,0
6036,5
6375,2
6106,0
6071,20
6698,14
6738,0
6658,0
6725,5
6887,61
6021,0
6760,26
5965,0
6672,2
6835,2
6223,2
6721,16
6227,2
5952,10
6265,0
6541,10
6308,6
6668,8
6683,0
5986,0
6018,6
6770,8
6608,0
6766,2
6470,3
7798,2
7012,0
6930,11
7630,0
7803,26
7602,0
7579,2
7107,26
7674,2
7386,0
7741,26
7745,62
7861,12
7604,5
7309,6
7840,0
7282,0
6978,0
7485,5
7273,20
7178,0
7632,2
7341,3
7065,0
7855,29
6928,2
6976,6
7478,11
7125,3
7189,10
7494,5
7818,0
7435,5
7805,2
7736,0
7161,3
7756,8
7459,53
7379,8
7655,3
7450,8
7648,0
7350,16
7206,0
7090,5
7348,2
7138,154
7055,8
7242,23
7294,6
7447,0
7864,19
7162,8
7272,16
7291,6
7615,2
7359,6
7637,8
7193,0
7465,0
7017,23
7730,2
7263,32
7690,2
7401,32
7079,2
7533,66
7199,8
7351,0
7373,11
7411,20
7503,2
6952,5
7157,0
7912,11
7163,2
7716,0
7421,0
7415,5
7885,16
7400,11
7707,0
7371,5
7894,0
7841,7
7768,0
7802,8
7820,20
7556,26
6965,11
7575,5
7828,5
7823,6
7607,0
7347,36
7132,0
7573,19
7699,6
7305,2
6985,0
7184,0
7880,10
7498,8
7877,10
7513,8
7591,10
7673,23
7617,8
7384,5
7346,0
7601,12
7247,0
7603,11
7103,8
7260,2
7128,0
7540,0
7317,1
7431,8
7159,6
7493,61
7402,8
7151,32
7316,11
7568,6
7027,8
7784,26
7620,12
7726,10
7899,10
7619,0
7016,0
7831,16
7547,23
7075,21
7796,0
7200,8
7277,19
7241,2
7357,10
7144,10
7141,0
7395,10
7715,26
7536,4
7010,0
7279,16
6938,8
6929,2
7551,21
7883,83
7173,7
7692,0
7274,2
7654,11
7473,7
7438,16
7640,6
6998,8
7700,0
7776,7
7137,5
7599,8
7627,0
7052,51
7675,2
7311,2
7732,0
7321,19
7610,2
7567,0
6962,0
7501,27
7792,2
7629,2
7530,2
7563,155
7887,2
7105,0
7668,6
7172,0
6995,8
7405,6
7207,2
7126,0
7315,85
7703,8
7608,6
7526,10
7783,19
7153,61
7457,6
7451,6
7190,8
7688,19
7390,6
7174,34
7506,10
7087,8
7849,14
7516,0
7422,2
6948,8
7638,9
7003,0
7123,23
7815,7
7171,6
7646,9
7839,10
7557,16
7307,0
7217,2
7211,2
7201,2
7797,26
7713,4
6926,16
7145,2
7219,11
7166,10
7794,88
7612,2
7287,8
7412,0
7611,8
7319,8
7234,8
7614,2
7094,10
7743,8
7510,20
6979,0
7584,5
7789,0
7110,16
7576,8
7202,8
7497,1
7913,6
7469,0
7370,2
7067,0
7191,8
7594,30
7117,5
7131,6
6991,102
7826,16
7015,6
7835,2
7871,10
6971,7
7443,8
7425,5
7382,2
7739,8
7385,0
7691,11
7297,0
7070,20
7657,0
6954,5
7253,9
7869,9
7432,0
7176,11
7712,1
6994,22
7362,0
7571,19
7517,10
6990,156
7295,2
6937,8
7209,1
7023,0
7481,0
7150,2
7380,131
7403,8
7335,6
7147,0
7534,8
7004,8
7558,6
7749,2
7210,0
7747,10
7744,26
7325,0
7074,0
7361,21
7048,2
7119,0
6973,8
7546,32
7902,0
7706,8
7243,6
7192,0
7289,10
7550,18
7639,8
7185,6
7684,7
7561,2
7734,7
7748,5
7356,8
7440,3
7896,26
6988,2
7005,8
7417,2
7093,26
7605,0
6922,8
7069,0
7427,20
7054,8
7426,51
7304,3
7582,0
7554,59
7102,8
7618,2
7532,3
7723,0
7765,19
7296,19
7030,6
7714,25
7413,0
7221,3
7449,36
6968,0
7229,26
7833,84
7581,5
7002,26
7095,0
7589,0
7588,19
7194,11
7376,43
7850,7
7592,6
7175,157
7807,26
7882,35
7142,0
7024,0
7895,2
7758,26
7702,32
7482,11
7352,5
7236,26
7116,8
7122,2
7544,8
7007,10
7168,5
7772,26
7318,8
7621,5
7387,5
6972,2
7118,2
7059,26
7195,8
7553,10
7685,12
7537,3
7375,0
7509,26
7844,0
7769,5
7901,0
7084,0
7824,66
6957,23
7254,2
7324,0
7502,0
7574,8
7624,14
7665,5
7360,0
7312,26
7143,6
7460,6
6982,23
7302,9
6969,20
7543,2
7852,158
7265,3
7719,8
7708,8
7381,8
7683,2
7754,2
7208,6
7626,0
7393,33
7914,5
7424,8
6970,0
7365,2
7909,0
7182,2
7647,5
7595,10
6925,0
7068,6
7915,20
7737,39
7577,16
7154,0
7755,0
7060,8
7014,8
7293,61
7487,10
7461,8
7641,8
7661,11
7358,2
7666,6
7867,0
7363,0
7115,1
7678,2
7565,24
7762,36
7492,2
7476,11
7313,6
7519,11
7711,8
7073,0
7570,10
7777,2
7488,7
7857,2
7433,2
7155,5
7851,64
7733,2
7458,21
7035,8
7308,7
7560,11
7814,11
7663,11
7323,16
7900,159
7759,0
7810,20
7879,8
7099,8
7893,2
7186,6
7907,31
7518,13
6984,3
7751,5
7255,16
7329,0
7050,20
7001,16
7672,8
7039,0
6959,8
7419,10
7535,19
7454,6
7203,11
7231,3
7008,8
7258,11
7112,8
7301,0
7104,26
7689,21
7284,5
7298,8
7226,8
7091,0
7028,0
7484,0
7224,0
7369,9
7721,0
7860,94
7398,0
7774,16
7063,32
7310,8
7037,11
7076,32
7515,59
7408,8
7071,26
7000,26
7097,30
7058,20
7036,21
7342,2
7407,7
7753,2
6993,2
6949,22
7377,6
7077,0
7135,16
7710,18
7053,0
7746,8
6956,0
7569,8
7303,26
7330,11
6997,6
7483,8
7292,8
7566,8
6940,0
7890,2
7729,0
7109,26
7524,39
7613,8
7525,1
7800,2
6967,0
7816,27
7113,8
7177,8
7271,131
7114,11
7445,57
7181,8
7448,20
7249,0
7042,5
7045,7
7156,11
7111,7
7057,1
7349,23
7096,8
7886,2
7275,0
7676,2
7167,8
7232,6
7876,7
7853,2
6943,2
6944,0
7442,21
6989,0
7140,8
7486,5
7038,160
7791,19
6960,8
7233,8
7667,8
7439,26
7660,8
7355,6
7770,0
7695,10
7044,26
7622,2
7130,16
7160,0
7332,143
7264,0
7812,39
7100,10
7634,2
7336,26
7874,32
7266,0
7394,135
7251,6
7670,20
7378,18
7306,26
7865,2
7343,5
7404,26
7261,0
7462,0
7196,2
7781,10
7388,4
7545,26
7873,2
7152,8
6933,23
7092,0
7032,39
7268,8
7821,0
7496,2
6951,8
7257,0
7616,0
7326,6
7197,10
7669,13
7679,10
7628,31
7801,2
7552,7
7204,32
7239,25
7029,0
7843,2
7662,6
7013,6
7757,8
7322,2
7738,26
7687,8
7020,1
7664,6
7472,2
7722,8
7508,24
6942,11
7763,2
7717,27
7760,27
6924,2
7528,0
7811,6
7504,3
7248,8
7228,6
7587,11
7856,2
7677,8
7538,0
7531,8
7878,3
7383,20
7430,5
7793,11
7031,8
7848,7
7659,8
7047,26
7697,10
7904,11
7559,2
7372,36
7642,22
7106,0
7832,5
7101,8
6947,8
7767,6
7884,0
7905,8
7548,55
7410,9
7778,20
7872,2
7585,0
7078,2
7838,9
6983,0
7240,60
7892,0
7285,0
7598,3
7034,31
7868,29
7129,1
7121,8
7188,3
7072,20
7198,20
7187,19
7694,0
7875,10
7474,8
7281,11
7580,22
7026,8
7338,5
7269,13
7463,8
7267,19
7262,20
7817,0
7825,2
7183,8
7600,0
7819,0
7441,10
7333,0
7897,2
7146,20
7396,7
7728,7
7834,2
6945,8
7596,0
7366,0
6996,7
7846,0
6961,10
6950,2
7495,8
6936,16
6964,0
7061,3
6966,0
7180,2
7218,8
7696,26
7597,8
7081,3
7891,8
7215,36
7908,8
7238,2
7862,8
7222,8
7041,10
7475,6
7724,32
6999,3
7088,2
7656,3
7477,0
7250,23
7409,0
7436,5
7299,21
7416,9
7429,2
7787,161
7578,11
7586,2
7127,30
7414,10
6977,8
7225,10
7837,19
7889,8
7086,2
7863,85
7636,0
7779,137
7542,2
7813,0
7391,0
7334,6
7420,8
7328,0
7786,26
7773,20
7704,84
7098,0
7910,2
7066,0
7064,16
7364,8
7866,23
7479,8
7500,10
7725,9
7437,6
7392,26
6941,2
7354,32
7539,2
7353,7
7590,5
7455,6
7842,8
7452,2
7428,36
6986,10
7280,8
7446,30
7139,0
7698,8
7148,5
6987,8
7397,2
7564,6
6963,3
7752,24
7847,0
7645,2
7056,2
6921,26
7246,4
7680,0
7205,2
7339,6
7906,162
7344,2
7149,0
7490,31
7085,3
7681,2
6975,7
7771,2
7170,8
7227,6
7527,8
7320,11
7742,2
7804,163
7120,1
6953,2
7870,8
7521,8
7522,7
7467,6
7790,2
7682,0
7858,2
7651,0
7011,0
7845,5
7822,12
7854,10
7720,43
7829,32
7727,14
7799,0
7051,68
7025,0
7134,0
7237,11
7169,23
7731,10
6981,26
7331,66
7593,8
7300,3
7505,11
7650,5
7671,11
7609,7
7406,6
7009,0
7223,3
7489,10
7514,26
7795,3
7705,2
7549,19
7033,2
7290,8
7643,55
7278,0
6939,0
7541,33
7764,2
7018,11
6931,8
7083,13
7389,8
7888,8
7327,8
7633,0
7782,26
7623,10
7740,2
7631,26
6934,8
7507,26
7021,0
7288,2
7006,6
7220,32
7444,0
7040,6
7046,2
7082,0
7523,16
7314,0
6992,0
7043,9
7124,5
7652,17
7022,2
7256,6
7898,113
7471,0
7635,0
7244,2
6932,2
7276,32
7212,66
7644,32
6935,0
7418,0
7164,6
7766,6
7806,2
7133,2
7649,133
6974,8
7780,6
7019,5
7399,8
7881,32
7808,6
7216,0
7089,8
7214,8
7809,8
7158,32
7179,0
7520,32
7270,2
7572,8
7686,8
7709,2
7511,0
7606,0
7470,6
7529,0
7466,8
7701,6
7788,19
7108,3
7658,6
7836,7
6923,0
7165,77
7337,8
7374,2
7468,5
7718,16
7345,5
7512,2
7049,3
7453,5
7693,22
7423,8
7785,0
7859,41
7583,57
6955,0
6958,0
7456,20
7830,5
7499,6
7245,2
7464,2
7213,0
7259,6
7136,6
9921,28
7827,26
7775,0
7562,7
7625,30
6980,0
7286,23
7434,5
7368,0
7735,5
6927,11
7252,6
7555,0
7235,6
7761,0
7491,0
7367,2
7062,2
7080,8
7283,19
7230,2
7653,6
7750,11
6946,0
7911,0
7903,2
7340,13
7480,8
8492,8
8556,5
8231,8
7931,0
8077,26
8462,7
8206,0
8184,20
8171,2
7949,8
8001,8
8461,26
8839,7
8187,8
8375,6
8906,19
8295,1
8547,6
8777,8
8599,2
8160,0
8822,26
8675,6
8203,0
8739,164
8521,96
8619,0
7977,5
8626,8
7936,2
8589,34
8920,10
7953,0
8571,2
8163,32
8820,3
8439,8
8557,2
8253,2
8469,6
8787,11
8386,16
8727,2
8846,41
8081,0
8790,165
8819,3
8601,0
8894,8
8191,5
8425,3
8779,0
8127,2
8050,11
8867,0
8483,2
8047,5
8778,26
8639,8
8391,10
8474,0
8118,8
8135,0
8368,8
7947,0
7956,6
8404,26
8416,16
8584,16
8830,8
8445,0
8201,1
8122,0
8562,0
8893,9
8158,20
8680,8
8363,6
8124,8
8590,32
8725,10
8442,6
8516,0
8235,2
8101,5
8471,10
8423,32
8059,2
8687,8
8444,0
8512,2
8454,2
8495,6
8466,24
8661,0
7940,22
8644,0
8258,0
8202,0
8728,2
8234,89
7937,0
8271,20
8278,26
8482,8
8352,0
8523,8
8464,2
7924,0
9929,7
8620,3
8186,19
8749,7
8915,0
8185,0
8635,3
9923,8
8339,6
8410,16
8670,21
8269,11
8415,137
7985,11
8891,166
8272,8
8132,6
8826,2
8421,2
8134,0
8359,10
8434,7
8070,2
8793,17
8004,2
8060,9
8847,5
8211,5
7929,11
8240,0
7975,27
8424,8
8436,5
8053,0
8673,8
8111,13
8581,2
8748,0
7990,6
8130,8
8125,2
8337,0
8002,11
8786,0
8872,2
8714,9
8666,7
8632,2
8078,0
8783,2
8065,0
8788,32
8732,6
8307,20
8116,2
7980,6
8467,0
7965,0
8020,0
8514,2
8649,41
8015,2
8096,30
8723,7
8256,11
8451,2
7928,0
8886,2
8320,5
7945,0
8376,2
8923,11
8120,8
8036,8
8898,2
8178,6
8607,8
8113,19
8041,0
8089,11
8875,0
8085,12
8251,6
8760,1
8552,9
8560,5
8157,0
7944,0
8596,20
8747,8
8342,2
8227,7
8075,0
8598,0
8542,0
8610,2
8527,0
8379,0
8824,8
7987,8
8579,0
8302,20
8072,2
8099,0
8275,2
8774,2
8641,19
8138,8
8699,10
8268,2
8322,2
8843,9
8168,8
7922,0
8899,5
8858,3
7981,0
8608,2
8576,8
8715,74
8121,29
8531,5
8734,10
8385,0
8548,2
8428,11
8719,0
8457,5
8329,0
7972,2
8479,2
8623,2
8570,8
8166,8
8296,26
8176,0
7973,8
8083,0
8795,162
8219,167
8044,18
8827,23
8709,1
8536,2
8197,6
8697,5
8335,11
8633,1
8873,10
8572,6
8259,11
8360,6
8775,111
8090,71
7955,33
8349,2
8031,0
8771,2
8401,8
8475,2
8167,1
8419,26
8381,19
8243,8
8393,0
8394,11
7954,2
8382,2
8143,6
8409,2
7989,18
8293,0
8136,0
8717,32
8327,11
8318,2
8200,6
7933,8
8713,2
8046,16
8159,0
8859,26
8834,61
8484,0
8114,0
8707,0
8543,13
7952,26
8882,39
8720,8
8682,8
8532,8
8808,3
8107,3
8864,0
8855,3
8007,8
8546,6
8517,19
8784,8
8194,11
8228,61
8716,0
8438,3
8091,8
8188,8
8180,0
8742,10
7963,8
8912,33
8306,8
8054,17
8829,6
8840,3
8248,8
7968,0
8743,2
8509,8
9922,0
8835,0
8291,8
8722,13
8811,0
8123,23
8652,0
8400,27
8350,0
8355,6
8333,2
8112,0
8018,26
8006,0
8058,6
8281,3
8860,24
8370,2
8387,27
8862,11
8604,19
8311,8
8218,11
8814,5
8238,2
8586,6
7964,7
8347,2
8071,2
8154,6
8170,2
8325,3
8255,6
8487,0
8798,11
8497,32
8907,0
8904,55
7950,0
8870,0
8028,16
8752,6
8522,96
8881,71
8762,11
8678,6
8066,0
8108,5
8823,11
8220,0
7962,19
8459,57
8252,1
8637,6
8369,2
8100,0
7960,0
8334,19
8395,12
8816,2
8916,2
8888,2
7932,8
8034,10
8389,2
8323,16
8674,2
8689,2
8458,16
8117,0
8378,0
8551,5
8535,0
8525,62
8540,16
8821,2
8161,2
8566,5
8190,26
8262,10
8874,55
8806,2
8628,20
8315,11
8420,19
8222,17
8665,20
7997,8
8578,16
8087,6
8332,66
8340,10
8144,11
7927,8
8165,8
8254,60
8399,2
8745,3
8324,6
8794,7
8064,11
8005,8
8718,2
8312,5
8883,0
8889,33
8597,5
8390,5
8067,0
8567,2
8477,0
8230,6
8753,0
8011,31
8690,2
8667,7
7925,2
8763,0
8209,26
8505,32
8480,0
7957,0
8693,19
8052,8
8919,2
8210,2
8710,25
7993,20
8427,0
8345,12
8088,23
8731,91
8658,8
8145,0
8069,7
8441,9
8288,8
8179,8
8695,7
8746,20
8561,0
8372,0
8073,23
8366,7
8857,0
8321,16
8261,3
8818,19
8706,138
8609,8
8331,6
8244,11
8239,5
8286,2
8638,0
8605,168
8025,10
8876,6
8080,19
8797,33
8848,20
8371,36
8627,2
8276,26
8782,2
9926,0
8330,26
8397,2
8328,10
8422,3
8503,0
8766,11
8274,7
8545,36
8526,0
7966,91
8362,2
8622,5
8903,32
8189,36
8558,10
8024,0
8559,11
8316,2
7923,2
8892,2
8533,6
8443,8
8407,2
8164,0
8303,10
8643,2
8068,11
8868,6
8677,50
7988,0
7917,8
8140,26
8221,8
8373,11
8468,26
7978,6
7994,5
8879,7
8908,33
8283,30
8646,30
8398,10
8336,0
8671,10
8890,0
8504,0
8563,5
8277,26
8146,2
8273,8
8564,0
8361,2
8388,2
8051,2
8842,169
8631,101
8297,16
8640,0
8082,2
8245,0
8092,0
8109,8
8452,2
8338,8
8741,0
8612,170
8153,6
8353,16
8776,6
8854,5
8236,30
8453,5
8027,8
8241,2
7948,9
8094,8
8000,0
8319,0
8141,0
8799,28
8813,0
8555,8
7969,0
8617,8
8810,11
8815,3
8511,133
8841,2
8871,102
8016,8
8455,3
8021,0
7920,0
8655,32
8593,9
8212,2
8223,6
8913,0
8805,0
7970,29
8148,6
8266,20
8802,8
8249,8
8156,2
8013,10
8539,19
8270,0
8402,7
8817,8
8917,6
8914,6
8313,0
8825,0
8669,20
8653,2
8022,0
8613,0
8657,1
8476,8
8205,26
7943,8
8242,19
8796,32
7996,16
8284,5
8128,2
8472,2
8403,10
8289,30
8833,2
8380,2
8435,16
8804,26
8662,8
8285,8
8181,19
8237,6
8110,0
8828,0
8033,0
8769,2
8215,8
8396,2
8384,2
8884,2
8577,2
8634,8
8569,106
8654,2
8740,21
8869,10
8105,6
8199,0
8544,6
8836,9
8905,171
8449,2
7992,8
8866,2
8133,10
8528,32
9924,2
8585,5
7995,8
8568,0
8688,26
8076,0
7979,2
7983,2
8629,0
8039,16
8676,35
8010,10
8887,0
8692,1
8611,0
8344,0
8280,0
8485,3
8807,40
8433,75
8664,8
8519,153
8226,5
8587,9
8588,20
8685,10
8679,1
8501,9
8865,6
8446,23
8600,10
8429,3
8780,11
8554,5
8217,23
8150,0
8789,6
8008,2
8374,0
8852,6
8267,5
8290,8
8377,2
8758,2
8003,8
8729,2
8541,8
7974,3
8901,44
8346,23
8162,2
7976,0
8489,2
8645,6
8534,16
8686,8
8594,8
8264,8
8681,0
7998,0
8711,2
8765,8
8831,21
8351,32
8618,26
8750,2
8530,0
8849,6
8863,2
8263,29
8406,32
8093,2
8309,7
8213,2
8430,0
8751,0
8463,0
7941,2
7938,0
8792,0
8730,6
8056,0
8172,6
8305,16
8696,2
8809,16
8294,8
7982,6
7918,2
8508,0
8103,16
8365,26
7916,11
8902,0
8721,26
8744,26
8767,0
8885,20
8030,0
8651,8
8029,0
8756,8
8565,2
8490,2
8149,8
8853,36
8045,0
8298,2
8195,0
8260,32
8574,8
8437,2
8115,11
8736,2
8043,19
7930,172
8573,8
8440,16
8606,10
8595,7
8084,0
8142,5
8861,134
8417,6
8026,0
8017,2
8014,2
8580,2
8616,6
8615,21
8553,7
8301,8
8878,0
8152,0
8918,0
8515,8
8063,11
7939,5
8326,8
8550,0
7921,6
7942,3
8844,0
8383,5
8257,5
8712,2
7959,0
8177,0
8694,8
8174,8
8173,19
8448,9
8216,0
8502,2
8781,8
8356,8
8614,9
8851,2
8506,2
7951,8
8175,0
8282,0
8500,0
8705,50
8603,2
8659,0
8738,0
7971,2
8032,10
8757,0
8800,2
8432,23
8837,8
8413,173
8668,2
8104,0
8035,2
8250,2
8785,8
8079,8
8773,0
8129,2
8343,2
8426,0
8408,0
8583,2
8119,8
8183,2
8770,8
8642,19
8229,6
8354,6
7991,6
8791,7
8803,6
8735,16
8317,2
8139,5
8098,8
8754,7
8009,174
8704,20
7961,32
8300,20
8538,10
8518,10
8592,3
8431,21
8602,2
8225,2
8057,0
8304,8
8193,16
8499,91
8488,8
8198,9
8910,39
8358,0
8701,3
8877,8
8486,2
8768,8
8498,36
8481,0
8650,11
8496,1
8856,19
7935,5
8911,8
8733,2
8224,8
8737,28
7986,6
8672,14
8895,6
8357,2
8759,0
8364,28
8040,0
8447,6
8412,0
8624,20
8520,5
8478,2
8155,0
8308,8
8698,10
8510,8
8524,26
8845,0
7926,0
8097,7
8314,0
8411,7
8465,2
8131,1
8663,2
8299,6
8418,11
8801,16
8204,5
8702,6
8147,11
8625,8
8755,2
8055,11
8582,3
8549,0
8493,2
8491,0
8761,8
8900,11
8636,111
8287,8
8656,8
8405,16
8450,6
8414,19
8208,6
8691,11
8880,0
8726,0
8700,7
8513,32
8660,0
7967,1
8102,2
8591,3
8048,175
8023,5
8341,1
8537,11
8473,8
8647,2
8214,8
8207,2
7999,0
8348,0
8703,2
7934,8
8708,8
7919,2
8246,2
8192,8
8062,8
8460,0
8896,6
8247,122
7984,8
8764,2
8850,24
8232,8
8196,0
8838,16
8529,2
8456,66
8630,0
8292,2
8012,7
8921,6
8922,11
8648,2
8494,0
8507,21
8074,10
8182,10
8621,0
8095,0
8470,2
8061,8
9925,1
8169,19
8137,8
8909,11
8086,7
8812,6
8772,6
8265,2
8897,14
8575,2
8684,0
8279,6
8037,8
8049,8
8038,8
8367,16
8019,0
8106,9
8151,10
7958,30
8042,0
8310,26
8233,11
8683,8
8832,5
8392,25
8126,0
8724,25
7946,0
8997,0
9702,2
9640,20
9359,0
9196,8
9388,57
9494,13
9711,28
9651,32
9536,11
9704,2
9573,0
9317,8
9581,2
9269,9
9601,2
9137,8
9368,6
9042,2
9887,17
9701,5
9522,9
8946,23
8978,8
9761,0
9302,11
9662,0
9384,11
9912,19
9446,2
9270,8
9607,11
9063,9
9512,23
9252,26
9801,3
9507,2
9027,0
9485,2
9280,2
9443,80
9067,5
9503,5
9145,20
9173,17
9025,6
9893,1
9140,1
9093,2
9712,10
9062,8
9257,8
9866,7
9628,6
9548,2
9392,26
9549,26
9506,28
9697,39
9309,2
9890,8
9634,2
9821,36
9863,0
9041,0
8964,20
9796,2
9645,0
9082,0
9892,0
9385,10
9222,6
9296,0
9181,5
9056,19
9780,3
9789,14
9055,0
9163,23
9593,2
9248,94
9367,9
9286,0
9362,8
9334,6
9710,134
9567,0
9238,2
9064,0
9199,10
8992,8
9691,32
9180,8
9260,36
9839,0
9340,8
9564,26
9489,6
9578,9
9643,5
8955,0
9806,26
9654,3
9261,8
9298,8
9131,0
9856,3
9160,5
9450,21
9497,0
9910,7
9184,2
9348,2
9210,32
9054,0
9390,11
9020,1
9098,1
9341,0
9155,6
9551,5
9444,32
8990,2
9716,0
9188,8
9375,11
9285,2
9358,6
9351,2
9454,10
9410,10
9405,36
9153,7
9715,12
9303,26
9484,7
9083,5
9676,13
9364,0
9674,11
9747,0
8941,11
9005,6
9657,5
9415,6
9179,2
9433,0
9395,0
9766,51
9664,2
9823,1
9798,0
9660,7
9277,0
9166,21
9502,153
9870,0
9213,8
9347,5
9297,26
9472,26
9263,8
9513,30
8935,20
9625,41
9833,6
9854,8
9810,0
9733,9
9299,19
9111,6
8968,0
9483,6
9373,8
9901,6
9688,24
9266,16
9223,0
8956,3
9811,23
9113,0
9800,2
9357,21
9511,6
9425,2
9438,26
9086,2
8981,2
9101,0
9590,0
9813,5
9076,0
9538,2
9514,28
9591,0
9546,8
9464,1
9530,8
9125,6
9455,0
9859,20
9867,13
9365,6
9243,46
9735,5
9830,8
9824,1
9541,8
8924,26
9292,8
9462,26
9615,8
8950,5
9186,0
9084,0
9318,26
9709,26
9149,19
8965,16
9808,8
9313,0
9451,8
9000,176
9649,2
9275,10
8973,2
9008,0
9741,2
9001,16
9532,0
9342,32
8966,0
9672,8
9768,19
9559,0
9345,2
9524,1
9436,1
9330,0
9329,2
9894,0
9860,3
9009,0
9623,1
9264,3
9862,26
9165,8
9350,2
9320,1
9642,0
9400,29
9004,11
9820,10
9255,2
9791,0
9844,28
9706,2
9029,31
9547,30
9239,7
9144,6
8974,10
9136,6
9659,8
9802,16
9127,0
9641,4
9909,2
9075,26
9072,8
9555,20
9592,8
9478,5
9644,5
9686,2
9279,2
9227,0
9417,6
9383,7
9235,8
9233,1
9068,11
9294,2
9539,12
9560,0
9891,2
8948,8
9849,2
9793,0
9675,0
9499,8
9100,43
9730,5
9580,8
9531,8
9132,32
9010,5
9214,8
9613,16
9840,8
9572,0
9321,6
9120,6
9396,8
9838,16
9498,11
9017,6
9060,2
9837,2
8976,23
9327,8
9092,0
9190,2
9759,11
9883,71
9374,0
9440,7
9534,8
9372,6
9295,1
9510,6
9403,6
9016,31
9486,26
9528,36
9026,0
9193,8
9382,8
9847,0
9322,2
8982,5
9653,14
8975,0
9720,1
9696,0
9413,124
9825,2
9621,5
9371,11
9171,8
9453,0
9904,10
9175,8
9492,2
9864,10
9873,10
8954,1
9034,11
9109,3
9753,0
9684,17
9751,19
9402,1
9352,10
9805,8
9868,19
9089,2
9449,0
9406,11
9231,0
9119,5
9409,5
9333,26
9785,0
9599,6
9588,150
9211,5
9583,23
9647,26
9569,10
9907,2
9557,11
8977,11
9209,10
9458,26
9232,2
9869,0
9471,6
8985,0
9708,8
8928,0
9807,5
9192,10
9461,3
9636,11
9545,6
8970,24
9501,9
9681,10
9694,11
9112,5
9743,0
9579,10
9756,2
9047,8
9784,11
9816,0
9221,8
9077,0
9779,0
9200,6
9476,2
9198,0
9159,0
8967,5
9661,8
9030,0
9731,5
9167,10
9256,2
9822,2
9205,2
9230,11
9048,4
9872,2
9814,0
9274,11
9726,2
9154,8
9107,0
9369,32
9835,3
9122,8
9631,0
9095,6
9073,20
9241,23
9576,2
9139,0
9474,177
9354,0
8949,21
9639,6
8969,11
9328,2
9616,19
9744,2
9049,120
9818,2
9888,10
9036,8
9544,2
9146,8
9315,10
9424,8
9902,0
8952,0
9069,2
9170,0
9070,2
9460,20
9602,8
9905,49
9217,0
9459,3
9411,8
9721,0
9843,2
9164,16
9553,16
9325,3
9748,25
9848,8
8945,0
9355,0
9162,46
9134,8
9600,8
9804,16
9604,1
9002,8
9683,0
9558,10
9158,8
9246,2
9898,10
9469,8
9627,11
9336,20
9283,11
9589,10
9104,0
9851,2
9293,8
9412,0
9690,3
9142,0
8936,0
9770,11
9703,2
9148,6
9031,20
9586,16
8963,8
9777,0
8995,12
9689,8
9389,5
9251,8
9268,7
9281,10
9563,24
9006,8
9289,28
8937,0
9094,8
9118,21
9012,13
9606,11
9271,2
9046,0
9771,7
9448,26
9074,0
9520,9
9187,8
9749,0
9150,1
9284,16
9537,2
9050,0
8983,2
9480,5
9130,6
9877,2
9668,26
9370,26
9078,0
9479,8
9301,2
9061,10
9827,21
9117,2
9208,0
9750,26
9826,2
9582,2
9737,178
9677,0
9680,0
9845,26
9617,8
9597,102
9463,0
9637,0
8934,2
9760,0
9207,1
9679,2
9699,14
9692,8
9571,2
8957,2
9242,2
9102,0
9533,6
9432,79
9556,0
9671,6
9626,2
9087,0
9189,8
9045,5
9523,7
9587,80
9267,6
9079,16
9133,8
9646,8
9349,6
8925,8
9570,0
9632,26
9430,6
9728,36
9138,8
9773,5
9378,5
9722,0
9781,8
9306,2
9609,26
9344,20
9836,5
9565,0
9861,153
9858,6
9598,23
9758,10
9787,2
9259,0
9871,0
9635,2
9477,10
9650,26
8953,8
9058,0
9908,11
8947,1
9850,32
9081,7
8996,32
9346,8
9272,5
9783,6
9896,83
9085,11
9195,11
9331,8
9794,20
9007,1
9465,6
9225,0
9519,0
9356,30
9096,5
8932,8
9678,9
9287,6
8959,0
9732,2
9529,32
9911,32
9366,0
9393,0
9126,0
9881,11
9244,6
9745,8
9377,0
9021,8
9276,5
9658,7
9220,2
9500,2
9080,44
9381,6
9554,33
9855,10
9633,2
9875,46
9099,19
9878,10
9258,8
9114,2
9906,32
9419,8
8986,0
9515,20
9033,0
9831,8
8931,0
8972,8
9521,3
9473,2
9310,0
8994,11
9052,26
9013,6
9314,9
8926,6
9343,3
9714,10
8951,8
9648,57
9237,3
8980,55
9326,23
9620,16
9525,29
9387,35
9876,19
9585,5
9147,21
9124,6
8938,0
9611,2
9574,0
9156,2
9434,8
8993,2
9254,0
9097,11
9846,5
9059,6
9815,2
8933,0
9247,16
9903,16
9895,2
9693,8
9182,6
9842,0
9853,0
9764,2
9630,19
9774,26
9663,16
8927,124
9043,8
9670,26
9379,8
9700,2
9885,10
9212,16
9044,6
9185,1
9738,2
9828,10
9769,13
9435,8
9603,40
9612,8
9817,0
9228,2
9319,2
8961,0
9790,7
9215,6
9168,75
9219,0
9509,0
9018,8
9224,0
9191,0
9416,2
9834,0
9754,2
9431,32
9335,8
9879,11
8989,0
9323,27
9487,2
9135,0
9391,0
9594,0
8971,2
9518,0
9307,8
9618,5
9386,34
9143,0
9698,2
9418,0
9874,2
9311,8
9304,2
9177,32
9204,6
9468,6
9051,2
9508,0
9884,0
9157,2
9427,3
9900,10
9763,2
9282,21
9566,17
9740,0
9022,0
9610,6
9889,0
9201,2
9470,16
9729,8
9655,35
9622,10
9426,10
9913,60
9667,2
9527,2
9899,20
9420,2
9404,10
8929,0
9360,0
9504,0
9809,8
9723,3
8987,5
9316,10
9767,2
9445,6
9038,2
9324,16
9129,0
9673,16
9123,27
9707,2
9178,19
9608,6
9669,11
9857,6
9496,16
9687,2
9152,0
9106,8
9226,16
9776,0
9475,0
9724,0
9832,6
9141,8
9638,10
9829,8
8940,8
9423,2
9197,2
9725,2
9428,8
9300,39
9115,11
9736,3
9772,164
9019,7
8942,11
9066,2
9562,0
9742,26
8962,8
8943,0
9278,84
9332,14
9457,16
9128,0
8930,8
9110,32
9337,20
9023,0
9739,0
9401,10
9786,10
8984,10
8960,0
9397,0
9456,23
9757,6
9105,2
9249,3
9886,32
9422,7
9065,7
9517,2
9308,8
9407,30
9792,5
9053,0
9543,5
8988,0
9577,1
9713,10
9490,0
9024,0
9037,32
9121,8
9819,5
9003,9
9619,7
9778,7
9488,10
9550,8
9629,8
9151,10
9596,8
9240,8
9339,0
9755,8
9535,7
9361,8
9803,39
8999,0
9194,26
9584,0
9775,0
9614,0
9312,8
9015,8
8979,5
9752,5
8944,0
9882,6
9797,30
9408,16
9421,7
9552,8
9799,20
9439,0
9705,20
9394,9
9183,0
9039,26
9652,0
9880,2
9203,8
9441,0
9897,8
9429,2
9338,131
9057,32
9414,100
9206,0
9161,5
9091,6
9595,16
9290,0
9169,2
9291,6
9852,10
9250,6
9812,10
9071,0
9467,2
9399,6
9526,6
9452,8
9088,0
9437,26
9727,8
9718,6
9032,0
9542,9
9841,16
9040,0
9011,0
9734,6
9865,14
8958,2
8991,8
9035,8
9495,84
9398,2
9665,0
9014,0
9229,6
9568,0
9561,26
9788,16
9273,21
9288,2
9493,26
8998,22
9795,8
9682,10
9265,0
9376,0
8939,8
9447,6
9540,85
9685,10
9719,29
9353,8
9482,26
9262,10
9481,2
9605,8
9236,19
9253,0
9202,7
9656,8
9717,7
9380,9
9234,12
9624,6
9028,2
9516,6
9305,10
9466,7
9575,2
9116,23
9782,0
9363,31
9216,16
9505,10
9927,32
9174,0
9442,11
9245,32
9746,8
9108,10
9172,8
9765,5
9176,2
9666,0
9491,8
9090,2
9218,0
9103,0
9762,0
9695,23
